device,acc_peak_th,p_th,acc_min_th,consec,mem,recall,precision,f1,fpr,fa_sessions,high_motion_fas,fa_details,falls_by_type
phone,24.0,0.6,None,2,2,0.9333333333333333,0.8235294117647058,0.8749999999999999,0.11538461538461539,3,3,"{'WALKING': 2, 'RUNNING': 1}","{'FALL_BACKWARD': 3, 'FALL_FORWARD': 4, 'FALL_FROM_SITTING': 1, 'FALL_LEFT': 4, 'FALL_RIGHT': 2}"
phone,24.0,0.6,8.0,2,2,0.9333333333333333,0.8235294117647058,0.8749999999999999,0.11538461538461539,3,3,"{'WALKING': 2, 'RUNNING': 1}","{'FALL_BACKWARD': 3, 'FALL_FORWARD': 4, 'FALL_FROM_SITTING': 1, 'FALL_LEFT': 4, 'FALL_RIGHT': 2}"
phone,24.0,0.4,None,2,2,1.0,0.75,0.8571428571428571,0.19230769230769232,5,3,"{'WALKING': 2, 'RUNNING': 1, 'SIT_DOWN': 1, 'PICKING_UP_OBJECT': 1}","{'FALL_BACKWARD': 3, 'FALL_FORWARD': 4, 'FALL_FROM_SITTING': 1, 'FALL_LEFT': 5, 'FALL_RIGHT': 2}"
phone,24.0,0.4,8.0,2,2,1.0,0.75,0.8571428571428571,0.19230769230769232,5,3,"{'WALKING': 2, 'RUNNING': 1, 'SIT_DOWN': 1, 'PICKING_UP_OBJECT': 1}","{'FALL_BACKWARD': 3, 'FALL_FORWARD': 4, 'FALL_FROM_SITTING': 1, 'FALL_LEFT': 5, 'FALL_RIGHT': 2}"
phone,24.0,0.45,None,2,2,1.0,0.75,0.8571428571428571,0.19230769230769232,5,3,"{'WALKING': 2, 'RUNNING': 1, 'SIT_DOWN': 1, 'PICKING_UP_OBJECT': 1}","{'FALL_BACKWARD': 3, 'FALL_FORWARD': 4, 'FALL_FROM_SITTING': 1, 'FALL_LEFT': 5, 'FALL_RIGHT': 2}"
phone,24.0,0.45,8.0,2,2,1.0,0.75,0.8571428571428571,0.19230769230769232,5,3,"{'WALKING': 2, 'RUNNING': 1, 'SIT_DOWN': 1, 'PICKING_UP_OBJECT': 1}","{'FALL_BACKWARD': 3, 'FALL_FORWARD': 4, 'FALL_FROM_SITTING': 1, 'FALL_LEFT': 5, 'FALL_RIGHT': 2}"
phone,26.0,0.4,None,2,2,1.0,0.75,0.8571428571428571,0.19230769230769232,5,3,"{'WALKING': 2, 'RUNNING': 1, 'SIT_DOWN': 1, 'PICKING_UP_OBJECT': 1}","{'FALL_BACKWARD': 3, 'FALL_FORWARD': 4, 'FALL_FROM_SITTING': 1, 'FALL_LEFT': 5, 'FALL_RIGHT': 2}"
phone,26.0,0.4,8.0,2,2,1.0,0.75,0.8571428571428571,0.19230769230769232,5,3,"{'WALKING': 2, 'RUNNING': 1, 'SIT_DOWN': 1, 'PICKING_UP_OBJECT': 1}","{'FALL_BACKWARD': 3, 'FALL_FORWARD': 4, 'FALL_FROM_SITTING': 1, 'FALL_LEFT': 5, 'FALL_RIGHT': 2}"
phone,26.0,0.45,None,2,2,1.0,0.75,0.8571428571428571,0.19230769230769232,5,3,"{'WALKING': 2, 'RUNNING': 1, 'SIT_DOWN': 1, 'PICKING_UP_OBJECT': 1}","{'FALL_BACKWARD': 3, 'FALL_FORWARD': 4, 'FALL_FROM_SITTING': 1, 'FALL_LEFT': 5, 'FALL_RIGHT': 2}"
phone,26.0,0.45,8.0,2,2,1.0,0.75,0.8571428571428571,0.19230769230769232,5,3,"{'WALKING': 2, 'RUNNING': 1, 'SIT_DOWN': 1, 'PICKING_UP_OBJECT': 1}","{'FALL_BACKWARD': 3, 'FALL_FORWARD': 4, 'FALL_FROM_SITTING': 1, 'FALL_LEFT': 5, 'FALL_RIGHT': 2}"
phone,20.0,0.6,None,2,2,0.9333333333333333,0.7777777777777778,0.8484848484848485,0.15384615384615385,4,3,"{'WALKING': 2, 'RUNNING': 1, 'PICKING_UP_OBJECT': 1}","{'FALL_BACKWARD': 3, 'FALL_FORWARD': 4, 'FALL_FROM_SITTING': 1, 'FALL_LEFT': 4, 'FALL_RIGHT': 2}"
phone,20.0,0.6,8.0,2,2,0.9333333333333333,0.7777777777777778,0.8484848484848485,0.15384615384615385,4,3,"{'WALKING': 2, 'RUNNING': 1, 'PICKING_UP_OBJECT': 1}","{'FALL_BACKWARD': 3, 'FALL_FORWARD': 4, 'FALL_FROM_SITTING': 1, 'FALL_LEFT': 4, 'FALL_RIGHT': 2}"
phone,22.0,0.6,None,2,2,0.9333333333333333,0.7777777777777778,0.8484848484848485,0.15384615384615385,4,3,"{'WALKING': 2, 'RUNNING': 1, 'PICKING_UP_OBJECT': 1}","{'FALL_BACKWARD': 3, 'FALL_FORWARD': 4, 'FALL_FROM_SITTING': 1, 'FALL_LEFT': 4, 'FALL_RIGHT': 2}"
phone,22.0,0.6,8.0,2,2,0.9333333333333333,0.7777777777777778,0.8484848484848485,0.15384615384615385,4,3,"{'WALKING': 2, 'RUNNING': 1, 'PICKING_UP_OBJECT': 1}","{'FALL_BACKWARD': 3, 'FALL_FORWARD': 4, 'FALL_FROM_SITTING': 1, 'FALL_LEFT': 4, 'FALL_RIGHT': 2}"
phone,24.0,0.5,None,2,2,0.9333333333333333,0.7777777777777778,0.8484848484848485,0.15384615384615385,4,3,"{'WALKING': 2, 'RUNNING': 1, 'PICKING_UP_OBJECT': 1}","{'FALL_BACKWARD': 3, 'FALL_FORWARD': 4, 'FALL_FROM_SITTING': 1, 'FALL_LEFT': 4, 'FALL_RIGHT': 2}"
phone,24.0,0.5,8.0,2,2,0.9333333333333333,0.7777777777777778,0.8484848484848485,0.15384615384615385,4,3,"{'WALKING': 2, 'RUNNING': 1, 'PICKING_UP_OBJECT': 1}","{'FALL_BACKWARD': 3, 'FALL_FORWARD': 4, 'FALL_FROM_SITTING': 1, 'FALL_LEFT': 4, 'FALL_RIGHT': 2}"
phone,24.0,0.55,None,2,2,0.9333333333333333,0.7777777777777778,0.8484848484848485,0.15384615384615385,4,3,"{'WALKING': 2, 'RUNNING': 1, 'PICKING_UP_OBJECT': 1}","{'FALL_BACKWARD': 3, 'FALL_FORWARD': 4, 'FALL_FROM_SITTING': 1, 'FALL_LEFT': 4, 'FALL_RIGHT': 2}"
phone,24.0,0.55,8.0,2,2,0.9333333333333333,0.7777777777777778,0.8484848484848485,0.15384615384615385,4,3,"{'WALKING': 2, 'RUNNING': 1, 'PICKING_UP_OBJECT': 1}","{'FALL_BACKWARD': 3, 'FALL_FORWARD': 4, 'FALL_FROM_SITTING': 1, 'FALL_LEFT': 4, 'FALL_RIGHT': 2}"
phone,24.0,0.6,None,2,3,0.9333333333333333,0.7777777777777778,0.8484848484848485,0.15384615384615385,4,3,"{'SITTING': 1, 'WALKING': 2, 'RUNNING': 1}","{'FALL_BACKWARD': 3, 'FALL_FORWARD': 4, 'FALL_FROM_SITTING': 1, 'FALL_LEFT': 4, 'FALL_RIGHT': 2}"
phone,24.0,0.6,8.0,2,3,0.9333333333333333,0.7777777777777778,0.8484848484848485,0.15384615384615385,4,3,"{'SITTING': 1, 'WALKING': 2, 'RUNNING': 1}","{'FALL_BACKWARD': 3, 'FALL_FORWARD': 4, 'FALL_FROM_SITTING': 1, 'FALL_LEFT': 4, 'FALL_RIGHT': 2}"
phone,26.0,0.5,None,2,2,0.9333333333333333,0.7777777777777778,0.8484848484848485,0.15384615384615385,4,3,"{'WALKING': 2, 'RUNNING': 1, 'PICKING_UP_OBJECT': 1}","{'FALL_BACKWARD': 3, 'FALL_FORWARD': 4, 'FALL_FROM_SITTING': 1, 'FALL_LEFT': 4, 'FALL_RIGHT': 2}"
phone,26.0,0.5,8.0,2,2,0.9333333333333333,0.7777777777777778,0.8484848484848485,0.15384615384615385,4,3,"{'WALKING': 2, 'RUNNING': 1, 'PICKING_UP_OBJECT': 1}","{'FALL_BACKWARD': 3, 'FALL_FORWARD': 4, 'FALL_FROM_SITTING': 1, 'FALL_LEFT': 4, 'FALL_RIGHT': 2}"
phone,26.0,0.6,None,2,2,0.8666666666666667,0.8125,0.8387096774193549,0.11538461538461539,3,3,"{'WALKING': 2, 'RUNNING': 1}","{'FALL_BACKWARD': 3, 'FALL_FORWARD': 4, 'FALL_FROM_SITTING': 1, 'FALL_LEFT': 4, 'FALL_RIGHT': 1}"
phone,26.0,0.6,8.0,2,2,0.8666666666666667,0.8125,0.8387096774193549,0.11538461538461539,3,3,"{'WALKING': 2, 'RUNNING': 1}","{'FALL_BACKWARD': 3, 'FALL_FORWARD': 4, 'FALL_FROM_SITTING': 1, 'FALL_LEFT': 4, 'FALL_RIGHT': 1}"
phone,20.0,0.45,None,2,2,1.0,0.7142857142857143,0.8333333333333333,0.23076923076923078,6,3,"{'WALKING': 2, 'RUNNING': 1, 'SIT_DOWN': 1, 'PICKING_UP_OBJECT': 2}","{'FALL_BACKWARD': 3, 'FALL_FORWARD': 4, 'FALL_FROM_SITTING': 1, 'FALL_LEFT': 5, 'FALL_RIGHT': 2}"
phone,20.0,0.45,8.0,2,2,1.0,0.7142857142857143,0.8333333333333333,0.23076923076923078,6,3,"{'WALKING': 2, 'RUNNING': 1, 'SIT_DOWN': 1, 'PICKING_UP_OBJECT': 2}","{'FALL_BACKWARD': 3, 'FALL_FORWARD': 4, 'FALL_FROM_SITTING': 1, 'FALL_LEFT': 5, 'FALL_RIGHT': 2}"
phone,22.0,0.4,None,2,2,1.0,0.7142857142857143,0.8333333333333333,0.23076923076923078,6,3,"{'WALKING': 2, 'RUNNING': 1, 'SIT_DOWN': 1, 'PICKING_UP_OBJECT': 2}","{'FALL_BACKWARD': 3, 'FALL_FORWARD': 4, 'FALL_FROM_SITTING': 1, 'FALL_LEFT': 5, 'FALL_RIGHT': 2}"
phone,22.0,0.4,8.0,2,2,1.0,0.7142857142857143,0.8333333333333333,0.23076923076923078,6,3,"{'WALKING': 2, 'RUNNING': 1, 'SIT_DOWN': 1, 'PICKING_UP_OBJECT': 2}","{'FALL_BACKWARD': 3, 'FALL_FORWARD': 4, 'FALL_FROM_SITTING': 1, 'FALL_LEFT': 5, 'FALL_RIGHT': 2}"
phone,22.0,0.45,None,2,2,1.0,0.7142857142857143,0.8333333333333333,0.23076923076923078,6,3,"{'WALKING': 2, 'RUNNING': 1, 'SIT_DOWN': 1, 'PICKING_UP_OBJECT': 2}","{'FALL_BACKWARD': 3, 'FALL_FORWARD': 4, 'FALL_FROM_SITTING': 1, 'FALL_LEFT': 5, 'FALL_RIGHT': 2}"
phone,22.0,0.45,8.0,2,2,1.0,0.7142857142857143,0.8333333333333333,0.23076923076923078,6,3,"{'WALKING': 2, 'RUNNING': 1, 'SIT_DOWN': 1, 'PICKING_UP_OBJECT': 2}","{'FALL_BACKWARD': 3, 'FALL_FORWARD': 4, 'FALL_FROM_SITTING': 1, 'FALL_LEFT': 5, 'FALL_RIGHT': 2}"
phone,24.0,0.35,None,2,2,1.0,0.7142857142857143,0.8333333333333333,0.23076923076923078,6,3,"{'WALKING': 2, 'RUNNING': 1, 'SIT_DOWN': 1, 'PICKING_UP_OBJECT': 2}","{'FALL_BACKWARD': 3, 'FALL_FORWARD': 4, 'FALL_FROM_SITTING': 1, 'FALL_LEFT': 5, 'FALL_RIGHT': 2}"
phone,24.0,0.35,8.0,2,2,1.0,0.7142857142857143,0.8333333333333333,0.23076923076923078,6,3,"{'WALKING': 2, 'RUNNING': 1, 'SIT_DOWN': 1, 'PICKING_UP_OBJECT': 2}","{'FALL_BACKWARD': 3, 'FALL_FORWARD': 4, 'FALL_FROM_SITTING': 1, 'FALL_LEFT': 5, 'FALL_RIGHT': 2}"
phone,24.0,0.45,None,2,3,1.0,0.7142857142857143,0.8333333333333333,0.23076923076923078,6,3,"{'SITTING': 1, 'WALKING': 2, 'RUNNING': 1, 'SIT_DOWN': 1, 'PICKING_UP_OBJECT': 1}","{'FALL_BACKWARD': 3, 'FALL_FORWARD': 4, 'FALL_FROM_SITTING': 1, 'FALL_LEFT': 5, 'FALL_RIGHT': 2}"
phone,24.0,0.45,8.0,2,3,1.0,0.7142857142857143,0.8333333333333333,0.23076923076923078,6,3,"{'SITTING': 1, 'WALKING': 2, 'RUNNING': 1, 'SIT_DOWN': 1, 'PICKING_UP_OBJECT': 1}","{'FALL_BACKWARD': 3, 'FALL_FORWARD': 4, 'FALL_FROM_SITTING': 1, 'FALL_LEFT': 5, 'FALL_RIGHT': 2}"
phone,26.0,0.35,None,2,2,1.0,0.7142857142857143,0.8333333333333333,0.23076923076923078,6,3,"{'WALKING': 2, 'RUNNING': 1, 'SIT_DOWN': 1, 'PICKING_UP_OBJECT': 2}","{'FALL_BACKWARD': 3, 'FALL_FORWARD': 4, 'FALL_FROM_SITTING': 1, 'FALL_LEFT': 5, 'FALL_RIGHT': 2}"
phone,26.0,0.35,8.0,2,2,1.0,0.7142857142857143,0.8333333333333333,0.23076923076923078,6,3,"{'WALKING': 2, 'RUNNING': 1, 'SIT_DOWN': 1, 'PICKING_UP_OBJECT': 2}","{'FALL_BACKWARD': 3, 'FALL_FORWARD': 4, 'FALL_FROM_SITTING': 1, 'FALL_LEFT': 5, 'FALL_RIGHT': 2}"
phone,26.0,0.45,None,2,3,1.0,0.7142857142857143,0.8333333333333333,0.23076923076923078,6,3,"{'SITTING': 1, 'WALKING': 2, 'RUNNING': 1, 'SIT_DOWN': 1, 'PICKING_UP_OBJECT': 1}","{'FALL_BACKWARD': 3, 'FALL_FORWARD': 4, 'FALL_FROM_SITTING': 1, 'FALL_LEFT': 5, 'FALL_RIGHT': 2}"
phone,26.0,0.45,8.0,2,3,1.0,0.7142857142857143,0.8333333333333333,0.23076923076923078,6,3,"{'SITTING': 1, 'WALKING': 2, 'RUNNING': 1, 'SIT_DOWN': 1, 'PICKING_UP_OBJECT': 1}","{'FALL_BACKWARD': 3, 'FALL_FORWARD': 4, 'FALL_FROM_SITTING': 1, 'FALL_LEFT': 5, 'FALL_RIGHT': 2}"
phone,18.0,0.6,None,2,2,0.9333333333333333,0.7368421052631579,0.8235294117647058,0.19230769230769232,5,3,"{'SITTING': 1, 'WALKING': 2, 'RUNNING': 1, 'PICKING_UP_OBJECT': 1}","{'FALL_BACKWARD': 3, 'FALL_FORWARD': 4, 'FALL_FROM_SITTING': 1, 'FALL_LEFT': 4, 'FALL_RIGHT': 2}"
phone,18.0,0.6,None,2,3,0.9333333333333333,0.7368421052631579,0.8235294117647058,0.19230769230769232,5,3,"{'SITTING': 1, 'WALKING': 2, 'RUNNING': 1, 'PICKING_UP_OBJECT': 1}","{'FALL_BACKWARD': 3, 'FALL_FORWARD': 4, 'FALL_FROM_SITTING': 1, 'FALL_LEFT': 4, 'FALL_RIGHT': 2}"
phone,18.0,0.6,8.0,2,2,0.9333333333333333,0.7368421052631579,0.8235294117647058,0.19230769230769232,5,3,"{'SITTING': 1, 'WALKING': 2, 'RUNNING': 1, 'PICKING_UP_OBJECT': 1}","{'FALL_BACKWARD': 3, 'FALL_FORWARD': 4, 'FALL_FROM_SITTING': 1, 'FALL_LEFT': 4, 'FALL_RIGHT': 2}"
phone,18.0,0.6,8.0,2,3,0.9333333333333333,0.7368421052631579,0.8235294117647058,0.19230769230769232,5,3,"{'SITTING': 1, 'WALKING': 2, 'RUNNING': 1, 'PICKING_UP_OBJECT': 1}","{'FALL_BACKWARD': 3, 'FALL_FORWARD': 4, 'FALL_FROM_SITTING': 1, 'FALL_LEFT': 4, 'FALL_RIGHT': 2}"
phone,20.0,0.5,None,2,2,0.9333333333333333,0.7368421052631579,0.8235294117647058,0.19230769230769232,5,3,"{'WALKING': 2, 'RUNNING': 1, 'PICKING_UP_OBJECT': 2}","{'FALL_BACKWARD': 3, 'FALL_FORWARD': 4, 'FALL_FROM_SITTING': 1, 'FALL_LEFT': 4, 'FALL_RIGHT': 2}"
phone,20.0,0.5,8.0,2,2,0.9333333333333333,0.7368421052631579,0.8235294117647058,0.19230769230769232,5,3,"{'WALKING': 2, 'RUNNING': 1, 'PICKING_UP_OBJECT': 2}","{'FALL_BACKWARD': 3, 'FALL_FORWARD': 4, 'FALL_FROM_SITTING': 1, 'FALL_LEFT': 4, 'FALL_RIGHT': 2}"
phone,20.0,0.55,None,2,2,0.9333333333333333,0.7368421052631579,0.8235294117647058,0.19230769230769232,5,3,"{'WALKING': 2, 'RUNNING': 1, 'PICKING_UP_OBJECT': 2}","{'FALL_BACKWARD': 3, 'FALL_FORWARD': 4, 'FALL_FROM_SITTING': 1, 'FALL_LEFT': 4, 'FALL_RIGHT': 2}"
phone,20.0,0.55,8.0,2,2,0.9333333333333333,0.7368421052631579,0.8235294117647058,0.19230769230769232,5,3,"{'WALKING': 2, 'RUNNING': 1, 'PICKING_UP_OBJECT': 2}","{'FALL_BACKWARD': 3, 'FALL_FORWARD': 4, 'FALL_FROM_SITTING': 1, 'FALL_LEFT': 4, 'FALL_RIGHT': 2}"
phone,20.0,0.6,None,2,3,0.9333333333333333,0.7368421052631579,0.8235294117647058,0.19230769230769232,5,3,"{'SITTING': 1, 'WALKING': 2, 'RUNNING': 1, 'PICKING_UP_OBJECT': 1}","{'FALL_BACKWARD': 3, 'FALL_FORWARD': 4, 'FALL_FROM_SITTING': 1, 'FALL_LEFT': 4, 'FALL_RIGHT': 2}"
phone,20.0,0.6,8.0,2,3,0.9333333333333333,0.7368421052631579,0.8235294117647058,0.19230769230769232,5,3,"{'SITTING': 1, 'WALKING': 2, 'RUNNING': 1, 'PICKING_UP_OBJECT': 1}","{'FALL_BACKWARD': 3, 'FALL_FORWARD': 4, 'FALL_FROM_SITTING': 1, 'FALL_LEFT': 4, 'FALL_RIGHT': 2}"
phone,22.0,0.5,None,2,2,0.9333333333333333,0.7368421052631579,0.8235294117647058,0.19230769230769232,5,3,"{'WALKING': 2, 'RUNNING': 1, 'PICKING_UP_OBJECT': 2}","{'FALL_BACKWARD': 3, 'FALL_FORWARD': 4, 'FALL_FROM_SITTING': 1, 'FALL_LEFT': 4, 'FALL_RIGHT': 2}"
phone,22.0,0.5,8.0,2,2,0.9333333333333333,0.7368421052631579,0.8235294117647058,0.19230769230769232,5,3,"{'WALKING': 2, 'RUNNING': 1, 'PICKING_UP_OBJECT': 2}","{'FALL_BACKWARD': 3, 'FALL_FORWARD': 4, 'FALL_FROM_SITTING': 1, 'FALL_LEFT': 4, 'FALL_RIGHT': 2}"
phone,22.0,0.55,None,2,2,0.9333333333333333,0.7368421052631579,0.8235294117647058,0.19230769230769232,5,3,"{'WALKING': 2, 'RUNNING': 1, 'PICKING_UP_OBJECT': 2}","{'FALL_BACKWARD': 3, 'FALL_FORWARD': 4, 'FALL_FROM_SITTING': 1, 'FALL_LEFT': 4, 'FALL_RIGHT': 2}"
phone,22.0,0.55,8.0,2,2,0.9333333333333333,0.7368421052631579,0.8235294117647058,0.19230769230769232,5,3,"{'WALKING': 2, 'RUNNING': 1, 'PICKING_UP_OBJECT': 2}","{'FALL_BACKWARD': 3, 'FALL_FORWARD': 4, 'FALL_FROM_SITTING': 1, 'FALL_LEFT': 4, 'FALL_RIGHT': 2}"
phone,22.0,0.6,None,2,3,0.9333333333333333,0.7368421052631579,0.8235294117647058,0.19230769230769232,5,3,"{'SITTING': 1, 'WALKING': 2, 'RUNNING': 1, 'PICKING_UP_OBJECT': 1}","{'FALL_BACKWARD': 3, 'FALL_FORWARD': 4, 'FALL_FROM_SITTING': 1, 'FALL_LEFT': 4, 'FALL_RIGHT': 2}"
phone,22.0,0.6,8.0,2,3,0.9333333333333333,0.7368421052631579,0.8235294117647058,0.19230769230769232,5,3,"{'SITTING': 1, 'WALKING': 2, 'RUNNING': 1, 'PICKING_UP_OBJECT': 1}","{'FALL_BACKWARD': 3, 'FALL_FORWARD': 4, 'FALL_FROM_SITTING': 1, 'FALL_LEFT': 4, 'FALL_RIGHT': 2}"
phone,24.0,0.5,None,2,3,0.9333333333333333,0.7368421052631579,0.8235294117647058,0.19230769230769232,5,3,"{'SITTING': 1, 'WALKING': 2, 'RUNNING': 1, 'PICKING_UP_OBJECT': 1}","{'FALL_BACKWARD': 3, 'FALL_FORWARD': 4, 'FALL_FROM_SITTING': 1, 'FALL_LEFT': 4, 'FALL_RIGHT': 2}"
phone,24.0,0.5,8.0,2,3,0.9333333333333333,0.7368421052631579,0.8235294117647058,0.19230769230769232,5,3,"{'SITTING': 1, 'WALKING': 2, 'RUNNING': 1, 'PICKING_UP_OBJECT': 1}","{'FALL_BACKWARD': 3, 'FALL_FORWARD': 4, 'FALL_FROM_SITTING': 1, 'FALL_LEFT': 4, 'FALL_RIGHT': 2}"
phone,24.0,0.55,None,2,3,0.9333333333333333,0.7368421052631579,0.8235294117647058,0.19230769230769232,5,3,"{'SITTING': 1, 'WALKING': 2, 'RUNNING': 1, 'PICKING_UP_OBJECT': 1}","{'FALL_BACKWARD': 3, 'FALL_FORWARD': 4, 'FALL_FROM_SITTING': 1, 'FALL_LEFT': 4, 'FALL_RIGHT': 2}"
phone,24.0,0.55,8.0,2,3,0.9333333333333333,0.7368421052631579,0.8235294117647058,0.19230769230769232,5,3,"{'SITTING': 1, 'WALKING': 2, 'RUNNING': 1, 'PICKING_UP_OBJECT': 1}","{'FALL_BACKWARD': 3, 'FALL_FORWARD': 4, 'FALL_FROM_SITTING': 1, 'FALL_LEFT': 4, 'FALL_RIGHT': 2}"
phone,26.0,0.5,None,2,3,0.9333333333333333,0.7368421052631579,0.8235294117647058,0.19230769230769232,5,3,"{'SITTING': 1, 'WALKING': 2, 'RUNNING': 1, 'PICKING_UP_OBJECT': 1}","{'FALL_BACKWARD': 3, 'FALL_FORWARD': 4, 'FALL_FROM_SITTING': 1, 'FALL_LEFT': 4, 'FALL_RIGHT': 2}"
phone,26.0,0.5,8.0,2,3,0.9333333333333333,0.7368421052631579,0.8235294117647058,0.19230769230769232,5,3,"{'SITTING': 1, 'WALKING': 2, 'RUNNING': 1, 'PICKING_UP_OBJECT': 1}","{'FALL_BACKWARD': 3, 'FALL_FORWARD': 4, 'FALL_FROM_SITTING': 1, 'FALL_LEFT': 4, 'FALL_RIGHT': 2}"
phone,26.0,0.55,None,2,2,0.8666666666666667,0.7647058823529411,0.8125,0.15384615384615385,4,3,"{'WALKING': 2, 'RUNNING': 1, 'PICKING_UP_OBJECT': 1}","{'FALL_BACKWARD': 3, 'FALL_FORWARD': 4, 'FALL_FROM_SITTING': 1, 'FALL_LEFT': 4, 'FALL_RIGHT': 1}"
phone,26.0,0.55,8.0,2,2,0.8666666666666667,0.7647058823529411,0.8125,0.15384615384615385,4,3,"{'WALKING': 2, 'RUNNING': 1, 'PICKING_UP_OBJECT': 1}","{'FALL_BACKWARD': 3, 'FALL_FORWARD': 4, 'FALL_FROM_SITTING': 1, 'FALL_LEFT': 4, 'FALL_RIGHT': 1}"
phone,26.0,0.6,None,2,3,0.8666666666666667,0.7647058823529411,0.8125,0.15384615384615385,4,3,"{'SITTING': 1, 'WALKING': 2, 'RUNNING': 1}","{'FALL_BACKWARD': 3, 'FALL_FORWARD': 4, 'FALL_FROM_SITTING': 1, 'FALL_LEFT': 4, 'FALL_RIGHT': 1}"
phone,26.0,0.6,8.0,2,3,0.8666666666666667,0.7647058823529411,0.8125,0.15384615384615385,4,3,"{'SITTING': 1, 'WALKING': 2, 'RUNNING': 1}","{'FALL_BACKWARD': 3, 'FALL_FORWARD': 4, 'FALL_FROM_SITTING': 1, 'FALL_LEFT': 4, 'FALL_RIGHT': 1}"
phone,20.0,0.45,None,2,3,1.0,0.6818181818181818,0.8108108108108109,0.2692307692307692,7,3,"{'SITTING': 1, 'WALKING': 2, 'RUNNING': 1, 'SIT_DOWN': 1, 'PICKING_UP_OBJECT': 2}","{'FALL_BACKWARD': 3, 'FALL_FORWARD': 4, 'FALL_FROM_SITTING': 1, 'FALL_LEFT': 5, 'FALL_RIGHT': 2}"
phone,20.0,0.45,8.0,2,3,1.0,0.6818181818181818,0.8108108108108109,0.2692307692307692,7,3,"{'SITTING': 1, 'WALKING': 2, 'RUNNING': 1, 'SIT_DOWN': 1, 'PICKING_UP_OBJECT': 2}","{'FALL_BACKWARD': 3, 'FALL_FORWARD': 4, 'FALL_FROM_SITTING': 1, 'FALL_LEFT': 5, 'FALL_RIGHT': 2}"
phone,22.0,0.35,None,2,2,1.0,0.6818181818181818,0.8108108108108109,0.2692307692307692,7,3,"{'WALKING': 2, 'RUNNING': 1, 'SIT_DOWN': 1, 'PICKING_UP_OBJECT': 3}","{'FALL_BACKWARD': 3, 'FALL_FORWARD': 4, 'FALL_FROM_SITTING': 1, 'FALL_LEFT': 5, 'FALL_RIGHT': 2}"
phone,22.0,0.35,8.0,2,2,1.0,0.6818181818181818,0.8108108108108109,0.2692307692307692,7,3,"{'WALKING': 2, 'RUNNING': 1, 'SIT_DOWN': 1, 'PICKING_UP_OBJECT': 3}","{'FALL_BACKWARD': 3, 'FALL_FORWARD': 4, 'FALL_FROM_SITTING': 1, 'FALL_LEFT': 5, 'FALL_RIGHT': 2}"
phone,22.0,0.45,None,2,3,1.0,0.6818181818181818,0.8108108108108109,0.2692307692307692,7,3,"{'SITTING': 1, 'WALKING': 2, 'RUNNING': 1, 'SIT_DOWN': 1, 'PICKING_UP_OBJECT': 2}","{'FALL_BACKWARD': 3, 'FALL_FORWARD': 4, 'FALL_FROM_SITTING': 1, 'FALL_LEFT': 5, 'FALL_RIGHT': 2}"
phone,22.0,0.45,8.0,2,3,1.0,0.6818181818181818,0.8108108108108109,0.2692307692307692,7,3,"{'SITTING': 1, 'WALKING': 2, 'RUNNING': 1, 'SIT_DOWN': 1, 'PICKING_UP_OBJECT': 2}","{'FALL_BACKWARD': 3, 'FALL_FORWARD': 4, 'FALL_FROM_SITTING': 1, 'FALL_LEFT': 5, 'FALL_RIGHT': 2}"
phone,24.0,0.4,None,2,3,1.0,0.6818181818181818,0.8108108108108109,0.2692307692307692,7,3,"{'SITTING': 1, 'WALKING': 2, 'RUNNING': 1, 'LYING_DOWN': 1, 'SIT_DOWN': 1, 'PICKING_UP_OBJECT': 1}","{'FALL_BACKWARD': 3, 'FALL_FORWARD': 4, 'FALL_FROM_SITTING': 1, 'FALL_LEFT': 5, 'FALL_RIGHT': 2}"
phone,24.0,0.4,8.0,2,3,1.0,0.6818181818181818,0.8108108108108109,0.2692307692307692,7,3,"{'SITTING': 1, 'WALKING': 2, 'RUNNING': 1, 'LYING_DOWN': 1, 'SIT_DOWN': 1, 'PICKING_UP_OBJECT': 1}","{'FALL_BACKWARD': 3, 'FALL_FORWARD': 4, 'FALL_FROM_SITTING': 1, 'FALL_LEFT': 5, 'FALL_RIGHT': 2}"
phone,26.0,0.4,None,2,3,1.0,0.6818181818181818,0.8108108108108109,0.2692307692307692,7,3,"{'SITTING': 1, 'WALKING': 2, 'RUNNING': 1, 'LYING_DOWN': 1, 'SIT_DOWN': 1, 'PICKING_UP_OBJECT': 1}","{'FALL_BACKWARD': 3, 'FALL_FORWARD': 4, 'FALL_FROM_SITTING': 1, 'FALL_LEFT': 5, 'FALL_RIGHT': 2}"
phone,26.0,0.4,8.0,2,3,1.0,0.6818181818181818,0.8108108108108109,0.2692307692307692,7,3,"{'SITTING': 1, 'WALKING': 2, 'RUNNING': 1, 'LYING_DOWN': 1, 'SIT_DOWN': 1, 'PICKING_UP_OBJECT': 1}","{'FALL_BACKWARD': 3, 'FALL_FORWARD': 4, 'FALL_FROM_SITTING': 1, 'FALL_LEFT': 5, 'FALL_RIGHT': 2}"
phone,20.0,0.4,None,2,2,1.0,0.6818181818181818,0.8108108108108109,0.2692307692307692,7,4,"{'WALKING': 3, 'RUNNING': 1, 'SIT_DOWN': 1, 'PICKING_UP_OBJECT': 2}","{'FALL_BACKWARD': 3, 'FALL_FORWARD': 4, 'FALL_FROM_SITTING': 1, 'FALL_LEFT': 5, 'FALL_RIGHT': 2}"
phone,20.0,0.4,8.0,2,2,1.0,0.6818181818181818,0.8108108108108109,0.2692307692307692,7,4,"{'WALKING': 3, 'RUNNING': 1, 'SIT_DOWN': 1, 'PICKING_UP_OBJECT': 2}","{'FALL_BACKWARD': 3, 'FALL_FORWARD': 4, 'FALL_FROM_SITTING': 1, 'FALL_LEFT': 5, 'FALL_RIGHT': 2}"
phone,24.0,0.55,None,1,2,1.0,0.6818181818181818,0.8108108108108109,0.2692307692307692,7,4,"{'SITTING': 1, 'WALKING': 3, 'RUNNING': 1, 'SIT_DOWN': 1, 'PICKING_UP_OBJECT': 1}","{'FALL_BACKWARD': 3, 'FALL_FORWARD': 4, 'FALL_FROM_SITTING': 1, 'FALL_LEFT': 5, 'FALL_RIGHT': 2}"
phone,24.0,0.55,None,1,3,1.0,0.6818181818181818,0.8108108108108109,0.2692307692307692,7,4,"{'SITTING': 1, 'WALKING': 3, 'RUNNING': 1, 'SIT_DOWN': 1, 'PICKING_UP_OBJECT': 1}","{'FALL_BACKWARD': 3, 'FALL_FORWARD': 4, 'FALL_FROM_SITTING': 1, 'FALL_LEFT': 5, 'FALL_RIGHT': 2}"
phone,24.0,0.55,8.0,1,2,1.0,0.6818181818181818,0.8108108108108109,0.2692307692307692,7,4,"{'SITTING': 1, 'WALKING': 3, 'RUNNING': 1, 'SIT_DOWN': 1, 'PICKING_UP_OBJECT': 1}","{'FALL_BACKWARD': 3, 'FALL_FORWARD': 4, 'FALL_FROM_SITTING': 1, 'FALL_LEFT': 5, 'FALL_RIGHT': 2}"
phone,24.0,0.55,8.0,1,3,1.0,0.6818181818181818,0.8108108108108109,0.2692307692307692,7,4,"{'SITTING': 1, 'WALKING': 3, 'RUNNING': 1, 'SIT_DOWN': 1, 'PICKING_UP_OBJECT': 1}","{'FALL_BACKWARD': 3, 'FALL_FORWARD': 4, 'FALL_FROM_SITTING': 1, 'FALL_LEFT': 5, 'FALL_RIGHT': 2}"
phone,24.0,0.6,None,1,2,1.0,0.6818181818181818,0.8108108108108109,0.2692307692307692,7,4,"{'SITTING': 1, 'WALKING': 3, 'RUNNING': 1, 'SIT_DOWN': 1, 'PICKING_UP_OBJECT': 1}","{'FALL_BACKWARD': 3, 'FALL_FORWARD': 4, 'FALL_FROM_SITTING': 1, 'FALL_LEFT': 5, 'FALL_RIGHT': 2}"
phone,24.0,0.6,None,1,3,1.0,0.6818181818181818,0.8108108108108109,0.2692307692307692,7,4,"{'SITTING': 1, 'WALKING': 3, 'RUNNING': 1, 'SIT_DOWN': 1, 'PICKING_UP_OBJECT': 1}","{'FALL_BACKWARD': 3, 'FALL_FORWARD': 4, 'FALL_FROM_SITTING': 1, 'FALL_LEFT': 5, 'FALL_RIGHT': 2}"
phone,24.0,0.6,8.0,1,2,1.0,0.6818181818181818,0.8108108108108109,0.2692307692307692,7,4,"{'SITTING': 1, 'WALKING': 3, 'RUNNING': 1, 'SIT_DOWN': 1, 'PICKING_UP_OBJECT': 1}","{'FALL_BACKWARD': 3, 'FALL_FORWARD': 4, 'FALL_FROM_SITTING': 1, 'FALL_LEFT': 5, 'FALL_RIGHT': 2}"
phone,24.0,0.6,8.0,1,3,1.0,0.6818181818181818,0.8108108108108109,0.2692307692307692,7,4,"{'SITTING': 1, 'WALKING': 3, 'RUNNING': 1, 'SIT_DOWN': 1, 'PICKING_UP_OBJECT': 1}","{'FALL_BACKWARD': 3, 'FALL_FORWARD': 4, 'FALL_FROM_SITTING': 1, 'FALL_LEFT': 5, 'FALL_RIGHT': 2}"
phone,26.0,0.55,None,1,2,1.0,0.6818181818181818,0.8108108108108109,0.2692307692307692,7,4,"{'SITTING': 1, 'WALKING': 3, 'RUNNING': 1, 'SIT_DOWN': 1, 'PICKING_UP_OBJECT': 1}","{'FALL_BACKWARD': 3, 'FALL_FORWARD': 4, 'FALL_FROM_SITTING': 1, 'FALL_LEFT': 5, 'FALL_RIGHT': 2}"
phone,26.0,0.55,None,1,3,1.0,0.6818181818181818,0.8108108108108109,0.2692307692307692,7,4,"{'SITTING': 1, 'WALKING': 3, 'RUNNING': 1, 'SIT_DOWN': 1, 'PICKING_UP_OBJECT': 1}","{'FALL_BACKWARD': 3, 'FALL_FORWARD': 4, 'FALL_FROM_SITTING': 1, 'FALL_LEFT': 5, 'FALL_RIGHT': 2}"
phone,26.0,0.55,8.0,1,2,1.0,0.6818181818181818,0.8108108108108109,0.2692307692307692,7,4,"{'SITTING': 1, 'WALKING': 3, 'RUNNING': 1, 'SIT_DOWN': 1, 'PICKING_UP_OBJECT': 1}","{'FALL_BACKWARD': 3, 'FALL_FORWARD': 4, 'FALL_FROM_SITTING': 1, 'FALL_LEFT': 5, 'FALL_RIGHT': 2}"
phone,26.0,0.55,8.0,1,3,1.0,0.6818181818181818,0.8108108108108109,0.2692307692307692,7,4,"{'SITTING': 1, 'WALKING': 3, 'RUNNING': 1, 'SIT_DOWN': 1, 'PICKING_UP_OBJECT': 1}","{'FALL_BACKWARD': 3, 'FALL_FORWARD': 4, 'FALL_FROM_SITTING': 1, 'FALL_LEFT': 5, 'FALL_RIGHT': 2}"
phone,26.0,0.6,None,1,2,1.0,0.6818181818181818,0.8108108108108109,0.2692307692307692,7,4,"{'SITTING': 1, 'WALKING': 3, 'RUNNING': 1, 'SIT_DOWN': 1, 'PICKING_UP_OBJECT': 1}","{'FALL_BACKWARD': 3, 'FALL_FORWARD': 4, 'FALL_FROM_SITTING': 1, 'FALL_LEFT': 5, 'FALL_RIGHT': 2}"
phone,26.0,0.6,None,1,3,1.0,0.6818181818181818,0.8108108108108109,0.2692307692307692,7,4,"{'SITTING': 1, 'WALKING': 3, 'RUNNING': 1, 'SIT_DOWN': 1, 'PICKING_UP_OBJECT': 1}","{'FALL_BACKWARD': 3, 'FALL_FORWARD': 4, 'FALL_FROM_SITTING': 1, 'FALL_LEFT': 5, 'FALL_RIGHT': 2}"
phone,26.0,0.6,8.0,1,2,1.0,0.6818181818181818,0.8108108108108109,0.2692307692307692,7,4,"{'SITTING': 1, 'WALKING': 3, 'RUNNING': 1, 'SIT_DOWN': 1, 'PICKING_UP_OBJECT': 1}","{'FALL_BACKWARD': 3, 'FALL_FORWARD': 4, 'FALL_FROM_SITTING': 1, 'FALL_LEFT': 5, 'FALL_RIGHT': 2}"
phone,26.0,0.6,8.0,1,3,1.0,0.6818181818181818,0.8108108108108109,0.2692307692307692,7,4,"{'SITTING': 1, 'WALKING': 3, 'RUNNING': 1, 'SIT_DOWN': 1, 'PICKING_UP_OBJECT': 1}","{'FALL_BACKWARD': 3, 'FALL_FORWARD': 4, 'FALL_FROM_SITTING': 1, 'FALL_LEFT': 5, 'FALL_RIGHT': 2}"
phone,18.0,0.55,None,2,2,0.9333333333333333,0.7,0.8,0.23076923076923078,6,3,"{'SITTING': 1, 'WALKING': 2, 'RUNNING': 1, 'PICKING_UP_OBJECT': 2}","{'FALL_BACKWARD': 3, 'FALL_FORWARD': 4, 'FALL_FROM_SITTING': 1, 'FALL_LEFT': 4, 'FALL_RIGHT': 2}"
phone,18.0,0.55,None,2,3,0.9333333333333333,0.7,0.8,0.23076923076923078,6,3,"{'SITTING': 1, 'WALKING': 2, 'RUNNING': 1, 'PICKING_UP_OBJECT': 2}","{'FALL_BACKWARD': 3, 'FALL_FORWARD': 4, 'FALL_FROM_SITTING': 1, 'FALL_LEFT': 4, 'FALL_RIGHT': 2}"
phone,18.0,0.55,8.0,2,2,0.9333333333333333,0.7,0.8,0.23076923076923078,6,3,"{'SITTING': 1, 'WALKING': 2, 'RUNNING': 1, 'PICKING_UP_OBJECT': 2}","{'FALL_BACKWARD': 3, 'FALL_FORWARD': 4, 'FALL_FROM_SITTING': 1, 'FALL_LEFT': 4, 'FALL_RIGHT': 2}"
phone,18.0,0.55,8.0,2,3,0.9333333333333333,0.7,0.8,0.23076923076923078,6,3,"{'SITTING': 1, 'WALKING': 2, 'RUNNING': 1, 'PICKING_UP_OBJECT': 2}","{'FALL_BACKWARD': 3, 'FALL_FORWARD': 4, 'FALL_FROM_SITTING': 1, 'FALL_LEFT': 4, 'FALL_RIGHT': 2}"
phone,20.0,0.5,None,2,3,0.9333333333333333,0.7,0.8,0.23076923076923078,6,3,"{'SITTING': 1, 'WALKING': 2, 'RUNNING': 1, 'PICKING_UP_OBJECT': 2}","{'FALL_BACKWARD': 3, 'FALL_FORWARD': 4, 'FALL_FROM_SITTING': 1, 'FALL_LEFT': 4, 'FALL_RIGHT': 2}"
phone,20.0,0.5,8.0,2,3,0.9333333333333333,0.7,0.8,0.23076923076923078,6,3,"{'SITTING': 1, 'WALKING': 2, 'RUNNING': 1, 'PICKING_UP_OBJECT': 2}","{'FALL_BACKWARD': 3, 'FALL_FORWARD': 4, 'FALL_FROM_SITTING': 1, 'FALL_LEFT': 4, 'FALL_RIGHT': 2}"
phone,20.0,0.55,None,2,3,0.9333333333333333,0.7,0.8,0.23076923076923078,6,3,"{'SITTING': 1, 'WALKING': 2, 'RUNNING': 1, 'PICKING_UP_OBJECT': 2}","{'FALL_BACKWARD': 3, 'FALL_FORWARD': 4, 'FALL_FROM_SITTING': 1, 'FALL_LEFT': 4, 'FALL_RIGHT': 2}"
phone,20.0,0.55,8.0,2,3,0.9333333333333333,0.7,0.8,0.23076923076923078,6,3,"{'SITTING': 1, 'WALKING': 2, 'RUNNING': 1, 'PICKING_UP_OBJECT': 2}","{'FALL_BACKWARD': 3, 'FALL_FORWARD': 4, 'FALL_FROM_SITTING': 1, 'FALL_LEFT': 4, 'FALL_RIGHT': 2}"
phone,22.0,0.5,None,2,3,0.9333333333333333,0.7,0.8,0.23076923076923078,6,3,"{'SITTING': 1, 'WALKING': 2, 'RUNNING': 1, 'PICKING_UP_OBJECT': 2}","{'FALL_BACKWARD': 3, 'FALL_FORWARD': 4, 'FALL_FROM_SITTING': 1, 'FALL_LEFT': 4, 'FALL_RIGHT': 2}"
phone,22.0,0.5,8.0,2,3,0.9333333333333333,0.7,0.8,0.23076923076923078,6,3,"{'SITTING': 1, 'WALKING': 2, 'RUNNING': 1, 'PICKING_UP_OBJECT': 2}","{'FALL_BACKWARD': 3, 'FALL_FORWARD': 4, 'FALL_FROM_SITTING': 1, 'FALL_LEFT': 4, 'FALL_RIGHT': 2}"
phone,22.0,0.55,None,2,3,0.9333333333333333,0.7,0.8,0.23076923076923078,6,3,"{'SITTING': 1, 'WALKING': 2, 'RUNNING': 1, 'PICKING_UP_OBJECT': 2}","{'FALL_BACKWARD': 3, 'FALL_FORWARD': 4, 'FALL_FROM_SITTING': 1, 'FALL_LEFT': 4, 'FALL_RIGHT': 2}"
phone,22.0,0.55,8.0,2,3,0.9333333333333333,0.7,0.8,0.23076923076923078,6,3,"{'SITTING': 1, 'WALKING': 2, 'RUNNING': 1, 'PICKING_UP_OBJECT': 2}","{'FALL_BACKWARD': 3, 'FALL_FORWARD': 4, 'FALL_FROM_SITTING': 1, 'FALL_LEFT': 4, 'FALL_RIGHT': 2}"
phone,16.0,0.6,None,2,2,0.9333333333333333,0.7,0.8,0.23076923076923078,6,4,"{'SITTING': 1, 'WALKING': 3, 'RUNNING': 1, 'PICKING_UP_OBJECT': 1}","{'FALL_BACKWARD': 3, 'FALL_FORWARD': 4, 'FALL_FROM_SITTING': 1, 'FALL_LEFT': 4, 'FALL_RIGHT': 2}"
phone,16.0,0.6,None,2,3,0.9333333333333333,0.7,0.8,0.23076923076923078,6,4,"{'SITTING': 1, 'WALKING': 3, 'RUNNING': 1, 'PICKING_UP_OBJECT': 1}","{'FALL_BACKWARD': 3, 'FALL_FORWARD': 4, 'FALL_FROM_SITTING': 1, 'FALL_LEFT': 4, 'FALL_RIGHT': 2}"
phone,16.0,0.6,8.0,2,2,0.9333333333333333,0.7,0.8,0.23076923076923078,6,4,"{'SITTING': 1, 'WALKING': 3, 'RUNNING': 1, 'PICKING_UP_OBJECT': 1}","{'FALL_BACKWARD': 3, 'FALL_FORWARD': 4, 'FALL_FROM_SITTING': 1, 'FALL_LEFT': 4, 'FALL_RIGHT': 2}"
phone,16.0,0.6,8.0,2,3,0.9333333333333333,0.7,0.8,0.23076923076923078,6,4,"{'SITTING': 1, 'WALKING': 3, 'RUNNING': 1, 'PICKING_UP_OBJECT': 1}","{'FALL_BACKWARD': 3, 'FALL_FORWARD': 4, 'FALL_FROM_SITTING': 1, 'FALL_LEFT': 4, 'FALL_RIGHT': 2}"
phone,22.0,0.4,None,2,3,1.0,0.6521739130434783,0.7894736842105263,0.3076923076923077,8,3,"{'SITTING': 1, 'WALKING': 2, 'RUNNING': 1, 'LYING_DOWN': 1, 'SIT_DOWN': 1, 'PICKING_UP_OBJECT': 2}","{'FALL_BACKWARD': 3, 'FALL_FORWARD': 4, 'FALL_FROM_SITTING': 1, 'FALL_LEFT': 5, 'FALL_RIGHT': 2}"
phone,22.0,0.4,8.0,2,3,1.0,0.6521739130434783,0.7894736842105263,0.3076923076923077,8,3,"{'SITTING': 1, 'WALKING': 2, 'RUNNING': 1, 'LYING_DOWN': 1, 'SIT_DOWN': 1, 'PICKING_UP_OBJECT': 2}","{'FALL_BACKWARD': 3, 'FALL_FORWARD': 4, 'FALL_FROM_SITTING': 1, 'FALL_LEFT': 5, 'FALL_RIGHT': 2}"
phone,24.0,0.35,None,2,3,1.0,0.6521739130434783,0.7894736842105263,0.3076923076923077,8,3,"{'SITTING': 1, 'WALKING': 2, 'RUNNING': 1, 'LYING_DOWN': 1, 'SIT_DOWN': 1, 'PICKING_UP_OBJECT': 2}","{'FALL_BACKWARD': 3, 'FALL_FORWARD': 4, 'FALL_FROM_SITTING': 1, 'FALL_LEFT': 5, 'FALL_RIGHT': 2}"
phone,24.0,0.35,8.0,2,3,1.0,0.6521739130434783,0.7894736842105263,0.3076923076923077,8,3,"{'SITTING': 1, 'WALKING': 2, 'RUNNING': 1, 'LYING_DOWN': 1, 'SIT_DOWN': 1, 'PICKING_UP_OBJECT': 2}","{'FALL_BACKWARD': 3, 'FALL_FORWARD': 4, 'FALL_FROM_SITTING': 1, 'FALL_LEFT': 5, 'FALL_RIGHT': 2}"
phone,26.0,0.35,None,2,3,1.0,0.6521739130434783,0.7894736842105263,0.3076923076923077,8,3,"{'SITTING': 1, 'WALKING': 2, 'RUNNING': 1, 'LYING_DOWN': 1, 'SIT_DOWN': 1, 'PICKING_UP_OBJECT': 2}","{'FALL_BACKWARD': 3, 'FALL_FORWARD': 4, 'FALL_FROM_SITTING': 1, 'FALL_LEFT': 5, 'FALL_RIGHT': 2}"
phone,26.0,0.35,8.0,2,3,1.0,0.6521739130434783,0.7894736842105263,0.3076923076923077,8,3,"{'SITTING': 1, 'WALKING': 2, 'RUNNING': 1, 'LYING_DOWN': 1, 'SIT_DOWN': 1, 'PICKING_UP_OBJECT': 2}","{'FALL_BACKWARD': 3, 'FALL_FORWARD': 4, 'FALL_FROM_SITTING': 1, 'FALL_LEFT': 5, 'FALL_RIGHT': 2}"
phone,18.0,0.4,None,2,2,1.0,0.6521739130434783,0.7894736842105263,0.3076923076923077,8,4,"{'SITTING': 1, 'WALKING': 3, 'RUNNING': 1, 'SIT_DOWN': 1, 'PICKING_UP_OBJECT': 2}","{'FALL_BACKWARD': 3, 'FALL_FORWARD': 4, 'FALL_FROM_SITTING': 1, 'FALL_LEFT': 5, 'FALL_RIGHT': 2}"
phone,18.0,0.4,8.0,2,2,1.0,0.6521739130434783,0.7894736842105263,0.3076923076923077,8,4,"{'SITTING': 1, 'WALKING': 3, 'RUNNING': 1, 'SIT_DOWN': 1, 'PICKING_UP_OBJECT': 2}","{'FALL_BACKWARD': 3, 'FALL_FORWARD': 4, 'FALL_FROM_SITTING': 1, 'FALL_LEFT': 5, 'FALL_RIGHT': 2}"
phone,18.0,0.45,None,2,2,1.0,0.6521739130434783,0.7894736842105263,0.3076923076923077,8,4,"{'SITTING': 1, 'WALKING': 3, 'RUNNING': 1, 'SIT_DOWN': 1, 'PICKING_UP_OBJECT': 2}","{'FALL_BACKWARD': 3, 'FALL_FORWARD': 4, 'FALL_FROM_SITTING': 1, 'FALL_LEFT': 5, 'FALL_RIGHT': 2}"
phone,18.0,0.45,None,2,3,1.0,0.6521739130434783,0.7894736842105263,0.3076923076923077,8,4,"{'SITTING': 1, 'WALKING': 3, 'RUNNING': 1, 'SIT_DOWN': 1, 'PICKING_UP_OBJECT': 2}","{'FALL_BACKWARD': 3, 'FALL_FORWARD': 4, 'FALL_FROM_SITTING': 1, 'FALL_LEFT': 5, 'FALL_RIGHT': 2}"
phone,18.0,0.45,8.0,2,2,1.0,0.6521739130434783,0.7894736842105263,0.3076923076923077,8,4,"{'SITTING': 1, 'WALKING': 3, 'RUNNING': 1, 'SIT_DOWN': 1, 'PICKING_UP_OBJECT': 2}","{'FALL_BACKWARD': 3, 'FALL_FORWARD': 4, 'FALL_FROM_SITTING': 1, 'FALL_LEFT': 5, 'FALL_RIGHT': 2}"
phone,18.0,0.45,8.0,2,3,1.0,0.6521739130434783,0.7894736842105263,0.3076923076923077,8,4,"{'SITTING': 1, 'WALKING': 3, 'RUNNING': 1, 'SIT_DOWN': 1, 'PICKING_UP_OBJECT': 2}","{'FALL_BACKWARD': 3, 'FALL_FORWARD': 4, 'FALL_FROM_SITTING': 1, 'FALL_LEFT': 5, 'FALL_RIGHT': 2}"
phone,20.0,0.35,None,2,2,1.0,0.6521739130434783,0.7894736842105263,0.3076923076923077,8,4,"{'WALKING': 3, 'RUNNING': 1, 'SIT_DOWN': 1, 'PICKING_UP_OBJECT': 3}","{'FALL_BACKWARD': 3, 'FALL_FORWARD': 4, 'FALL_FROM_SITTING': 1, 'FALL_LEFT': 5, 'FALL_RIGHT': 2}"
phone,20.0,0.35,8.0,2,2,1.0,0.6521739130434783,0.7894736842105263,0.3076923076923077,8,4,"{'WALKING': 3, 'RUNNING': 1, 'SIT_DOWN': 1, 'PICKING_UP_OBJECT': 3}","{'FALL_BACKWARD': 3, 'FALL_FORWARD': 4, 'FALL_FROM_SITTING': 1, 'FALL_LEFT': 5, 'FALL_RIGHT': 2}"
phone,26.0,0.55,None,2,3,0.8666666666666667,0.7222222222222222,0.7878787878787877,0.19230769230769232,5,3,"{'SITTING': 1, 'WALKING': 2, 'RUNNING': 1, 'PICKING_UP_OBJECT': 1}","{'FALL_BACKWARD': 3, 'FALL_FORWARD': 4, 'FALL_FROM_SITTING': 1, 'FALL_LEFT': 4, 'FALL_RIGHT': 1}"
phone,26.0,0.55,8.0,2,3,0.8666666666666667,0.7222222222222222,0.7878787878787877,0.19230769230769232,5,3,"{'SITTING': 1, 'WALKING': 2, 'RUNNING': 1, 'PICKING_UP_OBJECT': 1}","{'FALL_BACKWARD': 3, 'FALL_FORWARD': 4, 'FALL_FROM_SITTING': 1, 'FALL_LEFT': 4, 'FALL_RIGHT': 1}"
phone,16.0,0.55,None,2,2,0.9333333333333333,0.6666666666666666,0.7777777777777778,0.2692307692307692,7,4,"{'SITTING': 1, 'WALKING': 3, 'RUNNING': 1, 'PICKING_UP_OBJECT': 2}","{'FALL_BACKWARD': 3, 'FALL_FORWARD': 4, 'FALL_FROM_SITTING': 1, 'FALL_LEFT': 4, 'FALL_RIGHT': 2}"
phone,16.0,0.55,None,2,3,0.9333333333333333,0.6666666666666666,0.7777777777777778,0.2692307692307692,7,4,"{'SITTING': 1, 'WALKING': 3, 'RUNNING': 1, 'PICKING_UP_OBJECT': 2}","{'FALL_BACKWARD': 3, 'FALL_FORWARD': 4, 'FALL_FROM_SITTING': 1, 'FALL_LEFT': 4, 'FALL_RIGHT': 2}"
phone,16.0,0.55,8.0,2,2,0.9333333333333333,0.6666666666666666,0.7777777777777778,0.2692307692307692,7,4,"{'SITTING': 1, 'WALKING': 3, 'RUNNING': 1, 'PICKING_UP_OBJECT': 2}","{'FALL_BACKWARD': 3, 'FALL_FORWARD': 4, 'FALL_FROM_SITTING': 1, 'FALL_LEFT': 4, 'FALL_RIGHT': 2}"
phone,16.0,0.55,8.0,2,3,0.9333333333333333,0.6666666666666666,0.7777777777777778,0.2692307692307692,7,4,"{'SITTING': 1, 'WALKING': 3, 'RUNNING': 1, 'PICKING_UP_OBJECT': 2}","{'FALL_BACKWARD': 3, 'FALL_FORWARD': 4, 'FALL_FROM_SITTING': 1, 'FALL_LEFT': 4, 'FALL_RIGHT': 2}"
phone,18.0,0.5,None,2,2,0.9333333333333333,0.6666666666666666,0.7777777777777778,0.2692307692307692,7,4,"{'SITTING': 1, 'WALKING': 3, 'RUNNING': 1, 'PICKING_UP_OBJECT': 2}","{'FALL_BACKWARD': 3, 'FALL_FORWARD': 4, 'FALL_FROM_SITTING': 1, 'FALL_LEFT': 4, 'FALL_RIGHT': 2}"
phone,18.0,0.5,None,2,3,0.9333333333333333,0.6666666666666666,0.7777777777777778,0.2692307692307692,7,4,"{'SITTING': 1, 'WALKING': 3, 'RUNNING': 1, 'PICKING_UP_OBJECT': 2}","{'FALL_BACKWARD': 3, 'FALL_FORWARD': 4, 'FALL_FROM_SITTING': 1, 'FALL_LEFT': 4, 'FALL_RIGHT': 2}"
phone,18.0,0.5,8.0,2,2,0.9333333333333333,0.6666666666666666,0.7777777777777778,0.2692307692307692,7,4,"{'SITTING': 1, 'WALKING': 3, 'RUNNING': 1, 'PICKING_UP_OBJECT': 2}","{'FALL_BACKWARD': 3, 'FALL_FORWARD': 4, 'FALL_FROM_SITTING': 1, 'FALL_LEFT': 4, 'FALL_RIGHT': 2}"
phone,18.0,0.5,8.0,2,3,0.9333333333333333,0.6666666666666666,0.7777777777777778,0.2692307692307692,7,4,"{'SITTING': 1, 'WALKING': 3, 'RUNNING': 1, 'PICKING_UP_OBJECT': 2}","{'FALL_BACKWARD': 3, 'FALL_FORWARD': 4, 'FALL_FROM_SITTING': 1, 'FALL_LEFT': 4, 'FALL_RIGHT': 2}"
phone,22.0,0.35,None,2,3,1.0,0.625,0.7692307692307693,0.34615384615384615,9,3,"{'SITTING': 1, 'WALKING': 2, 'RUNNING': 1, 'LYING_DOWN': 1, 'SIT_DOWN': 1, 'PICKING_UP_OBJECT': 3}","{'FALL_BACKWARD': 3, 'FALL_FORWARD': 4, 'FALL_FROM_SITTING': 1, 'FALL_LEFT': 5, 'FALL_RIGHT': 2}"
phone,22.0,0.35,8.0,2,3,1.0,0.625,0.7692307692307693,0.34615384615384615,9,3,"{'SITTING': 1, 'WALKING': 2, 'RUNNING': 1, 'LYING_DOWN': 1, 'SIT_DOWN': 1, 'PICKING_UP_OBJECT': 3}","{'FALL_BACKWARD': 3, 'FALL_FORWARD': 4, 'FALL_FROM_SITTING': 1, 'FALL_LEFT': 5, 'FALL_RIGHT': 2}"
phone,18.0,0.35,None,2,2,1.0,0.625,0.7692307692307693,0.34615384615384615,9,4,"{'SITTING': 1, 'WALKING': 3, 'RUNNING': 1, 'SIT_DOWN': 1, 'PICKING_UP_OBJECT': 3}","{'FALL_BACKWARD': 3, 'FALL_FORWARD': 4, 'FALL_FROM_SITTING': 1, 'FALL_LEFT': 5, 'FALL_RIGHT': 2}"
phone,18.0,0.35,8.0,2,2,1.0,0.625,0.7692307692307693,0.34615384615384615,9,4,"{'SITTING': 1, 'WALKING': 3, 'RUNNING': 1, 'SIT_DOWN': 1, 'PICKING_UP_OBJECT': 3}","{'FALL_BACKWARD': 3, 'FALL_FORWARD': 4, 'FALL_FROM_SITTING': 1, 'FALL_LEFT': 5, 'FALL_RIGHT': 2}"
phone,18.0,0.4,None,2,3,1.0,0.625,0.7692307692307693,0.34615384615384615,9,4,"{'SITTING': 1, 'WALKING': 3, 'RUNNING': 1, 'LYING_DOWN': 1, 'SIT_DOWN': 1, 'PICKING_UP_OBJECT': 2}","{'FALL_BACKWARD': 3, 'FALL_FORWARD': 4, 'FALL_FROM_SITTING': 1, 'FALL_LEFT': 5, 'FALL_RIGHT': 2}"
phone,18.0,0.4,8.0,2,3,1.0,0.625,0.7692307692307693,0.34615384615384615,9,4,"{'SITTING': 1, 'WALKING': 3, 'RUNNING': 1, 'LYING_DOWN': 1, 'SIT_DOWN': 1, 'PICKING_UP_OBJECT': 2}","{'FALL_BACKWARD': 3, 'FALL_FORWARD': 4, 'FALL_FROM_SITTING': 1, 'FALL_LEFT': 5, 'FALL_RIGHT': 2}"
phone,18.0,0.55,None,1,2,1.0,0.625,0.7692307692307693,0.34615384615384615,9,4,"{'SITTING': 1, 'WALKING': 3, 'RUNNING': 1, 'SIT_DOWN': 1, 'PICKING_UP_OBJECT': 3}","{'FALL_BACKWARD': 3, 'FALL_FORWARD': 4, 'FALL_FROM_SITTING': 1, 'FALL_LEFT': 5, 'FALL_RIGHT': 2}"
phone,18.0,0.55,None,1,3,1.0,0.625,0.7692307692307693,0.34615384615384615,9,4,"{'SITTING': 1, 'WALKING': 3, 'RUNNING': 1, 'SIT_DOWN': 1, 'PICKING_UP_OBJECT': 3}","{'FALL_BACKWARD': 3, 'FALL_FORWARD': 4, 'FALL_FROM_SITTING': 1, 'FALL_LEFT': 5, 'FALL_RIGHT': 2}"
phone,18.0,0.55,8.0,1,2,1.0,0.625,0.7692307692307693,0.34615384615384615,9,4,"{'SITTING': 1, 'WALKING': 3, 'RUNNING': 1, 'SIT_DOWN': 1, 'PICKING_UP_OBJECT': 3}","{'FALL_BACKWARD': 3, 'FALL_FORWARD': 4, 'FALL_FROM_SITTING': 1, 'FALL_LEFT': 5, 'FALL_RIGHT': 2}"
phone,18.0,0.55,8.0,1,3,1.0,0.625,0.7692307692307693,0.34615384615384615,9,4,"{'SITTING': 1, 'WALKING': 3, 'RUNNING': 1, 'SIT_DOWN': 1, 'PICKING_UP_OBJECT': 3}","{'FALL_BACKWARD': 3, 'FALL_FORWARD': 4, 'FALL_FROM_SITTING': 1, 'FALL_LEFT': 5, 'FALL_RIGHT': 2}"
phone,18.0,0.6,None,1,2,1.0,0.625,0.7692307692307693,0.34615384615384615,9,4,"{'SITTING': 1, 'WALKING': 3, 'RUNNING': 1, 'SIT_DOWN': 1, 'PICKING_UP_OBJECT': 3}","{'FALL_BACKWARD': 3, 'FALL_FORWARD': 4, 'FALL_FROM_SITTING': 1, 'FALL_LEFT': 5, 'FALL_RIGHT': 2}"
phone,18.0,0.6,None,1,3,1.0,0.625,0.7692307692307693,0.34615384615384615,9,4,"{'SITTING': 1, 'WALKING': 3, 'RUNNING': 1, 'SIT_DOWN': 1, 'PICKING_UP_OBJECT': 3}","{'FALL_BACKWARD': 3, 'FALL_FORWARD': 4, 'FALL_FROM_SITTING': 1, 'FALL_LEFT': 5, 'FALL_RIGHT': 2}"
phone,18.0,0.6,8.0,1,2,1.0,0.625,0.7692307692307693,0.34615384615384615,9,4,"{'SITTING': 1, 'WALKING': 3, 'RUNNING': 1, 'SIT_DOWN': 1, 'PICKING_UP_OBJECT': 3}","{'FALL_BACKWARD': 3, 'FALL_FORWARD': 4, 'FALL_FROM_SITTING': 1, 'FALL_LEFT': 5, 'FALL_RIGHT': 2}"
phone,18.0,0.6,8.0,1,3,1.0,0.625,0.7692307692307693,0.34615384615384615,9,4,"{'SITTING': 1, 'WALKING': 3, 'RUNNING': 1, 'SIT_DOWN': 1, 'PICKING_UP_OBJECT': 3}","{'FALL_BACKWARD': 3, 'FALL_FORWARD': 4, 'FALL_FROM_SITTING': 1, 'FALL_LEFT': 5, 'FALL_RIGHT': 2}"
phone,20.0,0.4,None,2,3,1.0,0.625,0.7692307692307693,0.34615384615384615,9,4,"{'SITTING': 1, 'WALKING': 3, 'RUNNING': 1, 'LYING_DOWN': 1, 'SIT_DOWN': 1, 'PICKING_UP_OBJECT': 2}","{'FALL_BACKWARD': 3, 'FALL_FORWARD': 4, 'FALL_FROM_SITTING': 1, 'FALL_LEFT': 5, 'FALL_RIGHT': 2}"
phone,20.0,0.4,8.0,2,3,1.0,0.625,0.7692307692307693,0.34615384615384615,9,4,"{'SITTING': 1, 'WALKING': 3, 'RUNNING': 1, 'LYING_DOWN': 1, 'SIT_DOWN': 1, 'PICKING_UP_OBJECT': 2}","{'FALL_BACKWARD': 3, 'FALL_FORWARD': 4, 'FALL_FROM_SITTING': 1, 'FALL_LEFT': 5, 'FALL_RIGHT': 2}"
phone,20.0,0.55,None,1,2,1.0,0.625,0.7692307692307693,0.34615384615384615,9,4,"{'SITTING': 1, 'WALKING': 3, 'RUNNING': 1, 'SIT_DOWN': 1, 'PICKING_UP_OBJECT': 3}","{'FALL_BACKWARD': 3, 'FALL_FORWARD': 4, 'FALL_FROM_SITTING': 1, 'FALL_LEFT': 5, 'FALL_RIGHT': 2}"
phone,20.0,0.55,None,1,3,1.0,0.625,0.7692307692307693,0.34615384615384615,9,4,"{'SITTING': 1, 'WALKING': 3, 'RUNNING': 1, 'SIT_DOWN': 1, 'PICKING_UP_OBJECT': 3}","{'FALL_BACKWARD': 3, 'FALL_FORWARD': 4, 'FALL_FROM_SITTING': 1, 'FALL_LEFT': 5, 'FALL_RIGHT': 2}"
phone,20.0,0.55,8.0,1,2,1.0,0.625,0.7692307692307693,0.34615384615384615,9,4,"{'SITTING': 1, 'WALKING': 3, 'RUNNING': 1, 'SIT_DOWN': 1, 'PICKING_UP_OBJECT': 3}","{'FALL_BACKWARD': 3, 'FALL_FORWARD': 4, 'FALL_FROM_SITTING': 1, 'FALL_LEFT': 5, 'FALL_RIGHT': 2}"
phone,20.0,0.55,8.0,1,3,1.0,0.625,0.7692307692307693,0.34615384615384615,9,4,"{'SITTING': 1, 'WALKING': 3, 'RUNNING': 1, 'SIT_DOWN': 1, 'PICKING_UP_OBJECT': 3}","{'FALL_BACKWARD': 3, 'FALL_FORWARD': 4, 'FALL_FROM_SITTING': 1, 'FALL_LEFT': 5, 'FALL_RIGHT': 2}"
phone,20.0,0.6,None,1,2,1.0,0.625,0.7692307692307693,0.34615384615384615,9,4,"{'SITTING': 1, 'WALKING': 3, 'RUNNING': 1, 'SIT_DOWN': 1, 'PICKING_UP_OBJECT': 3}","{'FALL_BACKWARD': 3, 'FALL_FORWARD': 4, 'FALL_FROM_SITTING': 1, 'FALL_LEFT': 5, 'FALL_RIGHT': 2}"
phone,20.0,0.6,None,1,3,1.0,0.625,0.7692307692307693,0.34615384615384615,9,4,"{'SITTING': 1, 'WALKING': 3, 'RUNNING': 1, 'SIT_DOWN': 1, 'PICKING_UP_OBJECT': 3}","{'FALL_BACKWARD': 3, 'FALL_FORWARD': 4, 'FALL_FROM_SITTING': 1, 'FALL_LEFT': 5, 'FALL_RIGHT': 2}"
phone,20.0,0.6,8.0,1,2,1.0,0.625,0.7692307692307693,0.34615384615384615,9,4,"{'SITTING': 1, 'WALKING': 3, 'RUNNING': 1, 'SIT_DOWN': 1, 'PICKING_UP_OBJECT': 3}","{'FALL_BACKWARD': 3, 'FALL_FORWARD': 4, 'FALL_FROM_SITTING': 1, 'FALL_LEFT': 5, 'FALL_RIGHT': 2}"
phone,20.0,0.6,8.0,1,3,1.0,0.625,0.7692307692307693,0.34615384615384615,9,4,"{'SITTING': 1, 'WALKING': 3, 'RUNNING': 1, 'SIT_DOWN': 1, 'PICKING_UP_OBJECT': 3}","{'FALL_BACKWARD': 3, 'FALL_FORWARD': 4, 'FALL_FROM_SITTING': 1, 'FALL_LEFT': 5, 'FALL_RIGHT': 2}"
phone,22.0,0.55,None,1,2,1.0,0.625,0.7692307692307693,0.34615384615384615,9,4,"{'SITTING': 1, 'WALKING': 3, 'RUNNING': 1, 'SIT_DOWN': 1, 'PICKING_UP_OBJECT': 3}","{'FALL_BACKWARD': 3, 'FALL_FORWARD': 4, 'FALL_FROM_SITTING': 1, 'FALL_LEFT': 5, 'FALL_RIGHT': 2}"
phone,22.0,0.55,None,1,3,1.0,0.625,0.7692307692307693,0.34615384615384615,9,4,"{'SITTING': 1, 'WALKING': 3, 'RUNNING': 1, 'SIT_DOWN': 1, 'PICKING_UP_OBJECT': 3}","{'FALL_BACKWARD': 3, 'FALL_FORWARD': 4, 'FALL_FROM_SITTING': 1, 'FALL_LEFT': 5, 'FALL_RIGHT': 2}"
phone,22.0,0.55,8.0,1,2,1.0,0.625,0.7692307692307693,0.34615384615384615,9,4,"{'SITTING': 1, 'WALKING': 3, 'RUNNING': 1, 'SIT_DOWN': 1, 'PICKING_UP_OBJECT': 3}","{'FALL_BACKWARD': 3, 'FALL_FORWARD': 4, 'FALL_FROM_SITTING': 1, 'FALL_LEFT': 5, 'FALL_RIGHT': 2}"
phone,22.0,0.55,8.0,1,3,1.0,0.625,0.7692307692307693,0.34615384615384615,9,4,"{'SITTING': 1, 'WALKING': 3, 'RUNNING': 1, 'SIT_DOWN': 1, 'PICKING_UP_OBJECT': 3}","{'FALL_BACKWARD': 3, 'FALL_FORWARD': 4, 'FALL_FROM_SITTING': 1, 'FALL_LEFT': 5, 'FALL_RIGHT': 2}"
phone,22.0,0.6,None,1,2,1.0,0.625,0.7692307692307693,0.34615384615384615,9,4,"{'SITTING': 1, 'WALKING': 3, 'RUNNING': 1, 'SIT_DOWN': 1, 'PICKING_UP_OBJECT': 3}","{'FALL_BACKWARD': 3, 'FALL_FORWARD': 4, 'FALL_FROM_SITTING': 1, 'FALL_LEFT': 5, 'FALL_RIGHT': 2}"
phone,22.0,0.6,None,1,3,1.0,0.625,0.7692307692307693,0.34615384615384615,9,4,"{'SITTING': 1, 'WALKING': 3, 'RUNNING': 1, 'SIT_DOWN': 1, 'PICKING_UP_OBJECT': 3}","{'FALL_BACKWARD': 3, 'FALL_FORWARD': 4, 'FALL_FROM_SITTING': 1, 'FALL_LEFT': 5, 'FALL_RIGHT': 2}"
phone,22.0,0.6,8.0,1,2,1.0,0.625,0.7692307692307693,0.34615384615384615,9,4,"{'SITTING': 1, 'WALKING': 3, 'RUNNING': 1, 'SIT_DOWN': 1, 'PICKING_UP_OBJECT': 3}","{'FALL_BACKWARD': 3, 'FALL_FORWARD': 4, 'FALL_FROM_SITTING': 1, 'FALL_LEFT': 5, 'FALL_RIGHT': 2}"
phone,22.0,0.6,8.0,1,3,1.0,0.625,0.7692307692307693,0.34615384615384615,9,4,"{'SITTING': 1, 'WALKING': 3, 'RUNNING': 1, 'SIT_DOWN': 1, 'PICKING_UP_OBJECT': 3}","{'FALL_BACKWARD': 3, 'FALL_FORWARD': 4, 'FALL_FROM_SITTING': 1, 'FALL_LEFT': 5, 'FALL_RIGHT': 2}"
phone,24.0,0.5,None,1,2,1.0,0.625,0.7692307692307693,0.34615384615384615,9,4,"{'SITTING': 1, 'WALKING': 3, 'RUNNING': 1, 'LYING_DOWN': 2, 'SIT_DOWN': 1, 'PICKING_UP_OBJECT': 1}","{'FALL_BACKWARD': 3, 'FALL_FORWARD': 4, 'FALL_FROM_SITTING': 1, 'FALL_LEFT': 5, 'FALL_RIGHT': 2}"
phone,24.0,0.5,None,1,3,1.0,0.625,0.7692307692307693,0.34615384615384615,9,4,"{'SITTING': 1, 'WALKING': 3, 'RUNNING': 1, 'LYING_DOWN': 2, 'SIT_DOWN': 1, 'PICKING_UP_OBJECT': 1}","{'FALL_BACKWARD': 3, 'FALL_FORWARD': 4, 'FALL_FROM_SITTING': 1, 'FALL_LEFT': 5, 'FALL_RIGHT': 2}"
phone,24.0,0.5,8.0,1,2,1.0,0.625,0.7692307692307693,0.34615384615384615,9,4,"{'SITTING': 1, 'WALKING': 3, 'RUNNING': 1, 'LYING_DOWN': 2, 'SIT_DOWN': 1, 'PICKING_UP_OBJECT': 1}","{'FALL_BACKWARD': 3, 'FALL_FORWARD': 4, 'FALL_FROM_SITTING': 1, 'FALL_LEFT': 5, 'FALL_RIGHT': 2}"
phone,24.0,0.5,8.0,1,3,1.0,0.625,0.7692307692307693,0.34615384615384615,9,4,"{'SITTING': 1, 'WALKING': 3, 'RUNNING': 1, 'LYING_DOWN': 2, 'SIT_DOWN': 1, 'PICKING_UP_OBJECT': 1}","{'FALL_BACKWARD': 3, 'FALL_FORWARD': 4, 'FALL_FROM_SITTING': 1, 'FALL_LEFT': 5, 'FALL_RIGHT': 2}"
phone,26.0,0.5,None,1,2,1.0,0.625,0.7692307692307693,0.34615384615384615,9,4,"{'SITTING': 1, 'WALKING': 3, 'RUNNING': 1, 'LYING_DOWN': 2, 'SIT_DOWN': 1, 'PICKING_UP_OBJECT': 1}","{'FALL_BACKWARD': 3, 'FALL_FORWARD': 4, 'FALL_FROM_SITTING': 1, 'FALL_LEFT': 5, 'FALL_RIGHT': 2}"
phone,26.0,0.5,None,1,3,1.0,0.625,0.7692307692307693,0.34615384615384615,9,4,"{'SITTING': 1, 'WALKING': 3, 'RUNNING': 1, 'LYING_DOWN': 2, 'SIT_DOWN': 1, 'PICKING_UP_OBJECT': 1}","{'FALL_BACKWARD': 3, 'FALL_FORWARD': 4, 'FALL_FROM_SITTING': 1, 'FALL_LEFT': 5, 'FALL_RIGHT': 2}"
phone,26.0,0.5,8.0,1,2,1.0,0.625,0.7692307692307693,0.34615384615384615,9,4,"{'SITTING': 1, 'WALKING': 3, 'RUNNING': 1, 'LYING_DOWN': 2, 'SIT_DOWN': 1, 'PICKING_UP_OBJECT': 1}","{'FALL_BACKWARD': 3, 'FALL_FORWARD': 4, 'FALL_FROM_SITTING': 1, 'FALL_LEFT': 5, 'FALL_RIGHT': 2}"
phone,26.0,0.5,8.0,1,3,1.0,0.625,0.7692307692307693,0.34615384615384615,9,4,"{'SITTING': 1, 'WALKING': 3, 'RUNNING': 1, 'LYING_DOWN': 2, 'SIT_DOWN': 1, 'PICKING_UP_OBJECT': 1}","{'FALL_BACKWARD': 3, 'FALL_FORWARD': 4, 'FALL_FROM_SITTING': 1, 'FALL_LEFT': 5, 'FALL_RIGHT': 2}"
phone,16.0,0.45,None,2,2,1.0,0.625,0.7692307692307693,0.34615384615384615,9,5,"{'SITTING': 1, 'WALKING': 4, 'RUNNING': 1, 'SIT_DOWN': 1, 'PICKING_UP_OBJECT': 2}","{'FALL_BACKWARD': 3, 'FALL_FORWARD': 4, 'FALL_FROM_SITTING': 1, 'FALL_LEFT': 5, 'FALL_RIGHT': 2}"
phone,16.0,0.45,None,2,3,1.0,0.625,0.7692307692307693,0.34615384615384615,9,5,"{'SITTING': 1, 'WALKING': 4, 'RUNNING': 1, 'SIT_DOWN': 1, 'PICKING_UP_OBJECT': 2}","{'FALL_BACKWARD': 3, 'FALL_FORWARD': 4, 'FALL_FROM_SITTING': 1, 'FALL_LEFT': 5, 'FALL_RIGHT': 2}"
phone,16.0,0.45,8.0,2,2,1.0,0.625,0.7692307692307693,0.34615384615384615,9,5,"{'SITTING': 1, 'WALKING': 4, 'RUNNING': 1, 'SIT_DOWN': 1, 'PICKING_UP_OBJECT': 2}","{'FALL_BACKWARD': 3, 'FALL_FORWARD': 4, 'FALL_FROM_SITTING': 1, 'FALL_LEFT': 5, 'FALL_RIGHT': 2}"
phone,16.0,0.45,8.0,2,3,1.0,0.625,0.7692307692307693,0.34615384615384615,9,5,"{'SITTING': 1, 'WALKING': 4, 'RUNNING': 1, 'SIT_DOWN': 1, 'PICKING_UP_OBJECT': 2}","{'FALL_BACKWARD': 3, 'FALL_FORWARD': 4, 'FALL_FROM_SITTING': 1, 'FALL_LEFT': 5, 'FALL_RIGHT': 2}"
phone,16.0,0.5,None,2,2,0.9333333333333333,0.6363636363636364,0.7567567567567568,0.3076923076923077,8,5,"{'SITTING': 1, 'WALKING': 4, 'RUNNING': 1, 'PICKING_UP_OBJECT': 2}","{'FALL_BACKWARD': 3, 'FALL_FORWARD': 4, 'FALL_FROM_SITTING': 1, 'FALL_LEFT': 4, 'FALL_RIGHT': 2}"
phone,16.0,0.5,None,2,3,0.9333333333333333,0.6363636363636364,0.7567567567567568,0.3076923076923077,8,5,"{'SITTING': 1, 'WALKING': 4, 'RUNNING': 1, 'PICKING_UP_OBJECT': 2}","{'FALL_BACKWARD': 3, 'FALL_FORWARD': 4, 'FALL_FROM_SITTING': 1, 'FALL_LEFT': 4, 'FALL_RIGHT': 2}"
phone,16.0,0.5,8.0,2,2,0.9333333333333333,0.6363636363636364,0.7567567567567568,0.3076923076923077,8,5,"{'SITTING': 1, 'WALKING': 4, 'RUNNING': 1, 'PICKING_UP_OBJECT': 2}","{'FALL_BACKWARD': 3, 'FALL_FORWARD': 4, 'FALL_FROM_SITTING': 1, 'FALL_LEFT': 4, 'FALL_RIGHT': 2}"
phone,16.0,0.5,8.0,2,3,0.9333333333333333,0.6363636363636364,0.7567567567567568,0.3076923076923077,8,5,"{'SITTING': 1, 'WALKING': 4, 'RUNNING': 1, 'PICKING_UP_OBJECT': 2}","{'FALL_BACKWARD': 3, 'FALL_FORWARD': 4, 'FALL_FROM_SITTING': 1, 'FALL_LEFT': 4, 'FALL_RIGHT': 2}"
phone,18.0,0.35,None,2,3,1.0,0.6,0.7499999999999999,0.38461538461538464,10,4,"{'SITTING': 1, 'WALKING': 3, 'RUNNING': 1, 'LYING_DOWN': 1, 'SIT_DOWN': 1, 'PICKING_UP_OBJECT': 3}","{'FALL_BACKWARD': 3, 'FALL_FORWARD': 4, 'FALL_FROM_SITTING': 1, 'FALL_LEFT': 5, 'FALL_RIGHT': 2}"
phone,18.0,0.35,8.0,2,3,1.0,0.6,0.7499999999999999,0.38461538461538464,10,4,"{'SITTING': 1, 'WALKING': 3, 'RUNNING': 1, 'LYING_DOWN': 1, 'SIT_DOWN': 1, 'PICKING_UP_OBJECT': 3}","{'FALL_BACKWARD': 3, 'FALL_FORWARD': 4, 'FALL_FROM_SITTING': 1, 'FALL_LEFT': 5, 'FALL_RIGHT': 2}"
phone,20.0,0.35,None,2,3,1.0,0.6,0.7499999999999999,0.38461538461538464,10,4,"{'SITTING': 1, 'WALKING': 3, 'RUNNING': 1, 'LYING_DOWN': 1, 'SIT_DOWN': 1, 'PICKING_UP_OBJECT': 3}","{'FALL_BACKWARD': 3, 'FALL_FORWARD': 4, 'FALL_FROM_SITTING': 1, 'FALL_LEFT': 5, 'FALL_RIGHT': 2}"
phone,20.0,0.35,8.0,2,3,1.0,0.6,0.7499999999999999,0.38461538461538464,10,4,"{'SITTING': 1, 'WALKING': 3, 'RUNNING': 1, 'LYING_DOWN': 1, 'SIT_DOWN': 1, 'PICKING_UP_OBJECT': 3}","{'FALL_BACKWARD': 3, 'FALL_FORWARD': 4, 'FALL_FROM_SITTING': 1, 'FALL_LEFT': 5, 'FALL_RIGHT': 2}"
phone,16.0,0.4,None,2,2,1.0,0.6,0.7499999999999999,0.38461538461538464,10,5,"{'SITTING': 1, 'WALKING': 4, 'RUNNING': 1, 'LYING_DOWN': 1, 'SIT_DOWN': 1, 'PICKING_UP_OBJECT': 2}","{'FALL_BACKWARD': 3, 'FALL_FORWARD': 4, 'FALL_FROM_SITTING': 1, 'FALL_LEFT': 5, 'FALL_RIGHT': 2}"
phone,16.0,0.4,None,2,3,1.0,0.6,0.7499999999999999,0.38461538461538464,10,5,"{'SITTING': 1, 'WALKING': 4, 'RUNNING': 1, 'LYING_DOWN': 1, 'SIT_DOWN': 1, 'PICKING_UP_OBJECT': 2}","{'FALL_BACKWARD': 3, 'FALL_FORWARD': 4, 'FALL_FROM_SITTING': 1, 'FALL_LEFT': 5, 'FALL_RIGHT': 2}"
phone,16.0,0.4,8.0,2,2,1.0,0.6,0.7499999999999999,0.38461538461538464,10,5,"{'SITTING': 1, 'WALKING': 4, 'RUNNING': 1, 'LYING_DOWN': 1, 'SIT_DOWN': 1, 'PICKING_UP_OBJECT': 2}","{'FALL_BACKWARD': 3, 'FALL_FORWARD': 4, 'FALL_FROM_SITTING': 1, 'FALL_LEFT': 5, 'FALL_RIGHT': 2}"
phone,16.0,0.4,8.0,2,3,1.0,0.6,0.7499999999999999,0.38461538461538464,10,5,"{'SITTING': 1, 'WALKING': 4, 'RUNNING': 1, 'LYING_DOWN': 1, 'SIT_DOWN': 1, 'PICKING_UP_OBJECT': 2}","{'FALL_BACKWARD': 3, 'FALL_FORWARD': 4, 'FALL_FROM_SITTING': 1, 'FALL_LEFT': 5, 'FALL_RIGHT': 2}"
phone,16.0,0.55,None,1,2,1.0,0.6,0.7499999999999999,0.38461538461538464,10,5,"{'SITTING': 1, 'WALKING': 4, 'RUNNING': 1, 'SIT_DOWN': 1, 'PICKING_UP_OBJECT': 3}","{'FALL_BACKWARD': 3, 'FALL_FORWARD': 4, 'FALL_FROM_SITTING': 1, 'FALL_LEFT': 5, 'FALL_RIGHT': 2}"
phone,16.0,0.55,None,1,3,1.0,0.6,0.7499999999999999,0.38461538461538464,10,5,"{'SITTING': 1, 'WALKING': 4, 'RUNNING': 1, 'SIT_DOWN': 1, 'PICKING_UP_OBJECT': 3}","{'FALL_BACKWARD': 3, 'FALL_FORWARD': 4, 'FALL_FROM_SITTING': 1, 'FALL_LEFT': 5, 'FALL_RIGHT': 2}"
phone,16.0,0.55,8.0,1,2,1.0,0.6,0.7499999999999999,0.38461538461538464,10,5,"{'SITTING': 1, 'WALKING': 4, 'RUNNING': 1, 'SIT_DOWN': 1, 'PICKING_UP_OBJECT': 3}","{'FALL_BACKWARD': 3, 'FALL_FORWARD': 4, 'FALL_FROM_SITTING': 1, 'FALL_LEFT': 5, 'FALL_RIGHT': 2}"
phone,16.0,0.55,8.0,1,3,1.0,0.6,0.7499999999999999,0.38461538461538464,10,5,"{'SITTING': 1, 'WALKING': 4, 'RUNNING': 1, 'SIT_DOWN': 1, 'PICKING_UP_OBJECT': 3}","{'FALL_BACKWARD': 3, 'FALL_FORWARD': 4, 'FALL_FROM_SITTING': 1, 'FALL_LEFT': 5, 'FALL_RIGHT': 2}"
phone,16.0,0.6,None,1,2,1.0,0.6,0.7499999999999999,0.38461538461538464,10,5,"{'SITTING': 1, 'WALKING': 4, 'RUNNING': 1, 'SIT_DOWN': 1, 'PICKING_UP_OBJECT': 3}","{'FALL_BACKWARD': 3, 'FALL_FORWARD': 4, 'FALL_FROM_SITTING': 1, 'FALL_LEFT': 5, 'FALL_RIGHT': 2}"
phone,16.0,0.6,None,1,3,1.0,0.6,0.7499999999999999,0.38461538461538464,10,5,"{'SITTING': 1, 'WALKING': 4, 'RUNNING': 1, 'SIT_DOWN': 1, 'PICKING_UP_OBJECT': 3}","{'FALL_BACKWARD': 3, 'FALL_FORWARD': 4, 'FALL_FROM_SITTING': 1, 'FALL_LEFT': 5, 'FALL_RIGHT': 2}"
phone,16.0,0.6,8.0,1,2,1.0,0.6,0.7499999999999999,0.38461538461538464,10,5,"{'SITTING': 1, 'WALKING': 4, 'RUNNING': 1, 'SIT_DOWN': 1, 'PICKING_UP_OBJECT': 3}","{'FALL_BACKWARD': 3, 'FALL_FORWARD': 4, 'FALL_FROM_SITTING': 1, 'FALL_LEFT': 5, 'FALL_RIGHT': 2}"
phone,16.0,0.6,8.0,1,3,1.0,0.6,0.7499999999999999,0.38461538461538464,10,5,"{'SITTING': 1, 'WALKING': 4, 'RUNNING': 1, 'SIT_DOWN': 1, 'PICKING_UP_OBJECT': 3}","{'FALL_BACKWARD': 3, 'FALL_FORWARD': 4, 'FALL_FROM_SITTING': 1, 'FALL_LEFT': 5, 'FALL_RIGHT': 2}"
phone,24.0,0.45,None,1,2,1.0,0.6,0.7499999999999999,0.38461538461538464,10,5,"{'SITTING': 1, 'WALKING': 3, 'RUNNING': 1, 'LYING_DOWN': 2, 'JUMPING': 1, 'SIT_DOWN': 1, 'PICKING_UP_OBJECT': 1}","{'FALL_BACKWARD': 3, 'FALL_FORWARD': 4, 'FALL_FROM_SITTING': 1, 'FALL_LEFT': 5, 'FALL_RIGHT': 2}"
phone,24.0,0.45,None,1,3,1.0,0.6,0.7499999999999999,0.38461538461538464,10,5,"{'SITTING': 1, 'WALKING': 3, 'RUNNING': 1, 'LYING_DOWN': 2, 'JUMPING': 1, 'SIT_DOWN': 1, 'PICKING_UP_OBJECT': 1}","{'FALL_BACKWARD': 3, 'FALL_FORWARD': 4, 'FALL_FROM_SITTING': 1, 'FALL_LEFT': 5, 'FALL_RIGHT': 2}"
phone,24.0,0.45,8.0,1,2,1.0,0.6,0.7499999999999999,0.38461538461538464,10,5,"{'SITTING': 1, 'WALKING': 3, 'RUNNING': 1, 'LYING_DOWN': 2, 'JUMPING': 1, 'SIT_DOWN': 1, 'PICKING_UP_OBJECT': 1}","{'FALL_BACKWARD': 3, 'FALL_FORWARD': 4, 'FALL_FROM_SITTING': 1, 'FALL_LEFT': 5, 'FALL_RIGHT': 2}"
phone,24.0,0.45,8.0,1,3,1.0,0.6,0.7499999999999999,0.38461538461538464,10,5,"{'SITTING': 1, 'WALKING': 3, 'RUNNING': 1, 'LYING_DOWN': 2, 'JUMPING': 1, 'SIT_DOWN': 1, 'PICKING_UP_OBJECT': 1}","{'FALL_BACKWARD': 3, 'FALL_FORWARD': 4, 'FALL_FROM_SITTING': 1, 'FALL_LEFT': 5, 'FALL_RIGHT': 2}"
phone,26.0,0.45,None,1,2,1.0,0.6,0.7499999999999999,0.38461538461538464,10,5,"{'SITTING': 1, 'WALKING': 3, 'RUNNING': 1, 'LYING_DOWN': 2, 'JUMPING': 1, 'SIT_DOWN': 1, 'PICKING_UP_OBJECT': 1}","{'FALL_BACKWARD': 3, 'FALL_FORWARD': 4, 'FALL_FROM_SITTING': 1, 'FALL_LEFT': 5, 'FALL_RIGHT': 2}"
phone,26.0,0.45,None,1,3,1.0,0.6,0.7499999999999999,0.38461538461538464,10,5,"{'SITTING': 1, 'WALKING': 3, 'RUNNING': 1, 'LYING_DOWN': 2, 'JUMPING': 1, 'SIT_DOWN': 1, 'PICKING_UP_OBJECT': 1}","{'FALL_BACKWARD': 3, 'FALL_FORWARD': 4, 'FALL_FROM_SITTING': 1, 'FALL_LEFT': 5, 'FALL_RIGHT': 2}"
phone,26.0,0.45,8.0,1,2,1.0,0.6,0.7499999999999999,0.38461538461538464,10,5,"{'SITTING': 1, 'WALKING': 3, 'RUNNING': 1, 'LYING_DOWN': 2, 'JUMPING': 1, 'SIT_DOWN': 1, 'PICKING_UP_OBJECT': 1}","{'FALL_BACKWARD': 3, 'FALL_FORWARD': 4, 'FALL_FROM_SITTING': 1, 'FALL_LEFT': 5, 'FALL_RIGHT': 2}"
phone,26.0,0.45,8.0,1,3,1.0,0.6,0.7499999999999999,0.38461538461538464,10,5,"{'SITTING': 1, 'WALKING': 3, 'RUNNING': 1, 'LYING_DOWN': 2, 'JUMPING': 1, 'SIT_DOWN': 1, 'PICKING_UP_OBJECT': 1}","{'FALL_BACKWARD': 3, 'FALL_FORWARD': 4, 'FALL_FROM_SITTING': 1, 'FALL_LEFT': 5, 'FALL_RIGHT': 2}"
phone,18.0,0.5,None,1,2,1.0,0.5769230769230769,0.7317073170731707,0.4230769230769231,11,4,"{'SITTING': 1, 'WALKING': 3, 'RUNNING': 1, 'LYING_DOWN': 2, 'SIT_DOWN': 1, 'PICKING_UP_OBJECT': 3}","{'FALL_BACKWARD': 3, 'FALL_FORWARD': 4, 'FALL_FROM_SITTING': 1, 'FALL_LEFT': 5, 'FALL_RIGHT': 2}"
phone,18.0,0.5,None,1,3,1.0,0.5769230769230769,0.7317073170731707,0.4230769230769231,11,4,"{'SITTING': 1, 'WALKING': 3, 'RUNNING': 1, 'LYING_DOWN': 2, 'SIT_DOWN': 1, 'PICKING_UP_OBJECT': 3}","{'FALL_BACKWARD': 3, 'FALL_FORWARD': 4, 'FALL_FROM_SITTING': 1, 'FALL_LEFT': 5, 'FALL_RIGHT': 2}"
phone,18.0,0.5,8.0,1,2,1.0,0.5769230769230769,0.7317073170731707,0.4230769230769231,11,4,"{'SITTING': 1, 'WALKING': 3, 'RUNNING': 1, 'LYING_DOWN': 2, 'SIT_DOWN': 1, 'PICKING_UP_OBJECT': 3}","{'FALL_BACKWARD': 3, 'FALL_FORWARD': 4, 'FALL_FROM_SITTING': 1, 'FALL_LEFT': 5, 'FALL_RIGHT': 2}"
phone,18.0,0.5,8.0,1,3,1.0,0.5769230769230769,0.7317073170731707,0.4230769230769231,11,4,"{'SITTING': 1, 'WALKING': 3, 'RUNNING': 1, 'LYING_DOWN': 2, 'SIT_DOWN': 1, 'PICKING_UP_OBJECT': 3}","{'FALL_BACKWARD': 3, 'FALL_FORWARD': 4, 'FALL_FROM_SITTING': 1, 'FALL_LEFT': 5, 'FALL_RIGHT': 2}"
phone,20.0,0.5,None,1,2,1.0,0.5769230769230769,0.7317073170731707,0.4230769230769231,11,4,"{'SITTING': 1, 'WALKING': 3, 'RUNNING': 1, 'LYING_DOWN': 2, 'SIT_DOWN': 1, 'PICKING_UP_OBJECT': 3}","{'FALL_BACKWARD': 3, 'FALL_FORWARD': 4, 'FALL_FROM_SITTING': 1, 'FALL_LEFT': 5, 'FALL_RIGHT': 2}"
phone,20.0,0.5,None,1,3,1.0,0.5769230769230769,0.7317073170731707,0.4230769230769231,11,4,"{'SITTING': 1, 'WALKING': 3, 'RUNNING': 1, 'LYING_DOWN': 2, 'SIT_DOWN': 1, 'PICKING_UP_OBJECT': 3}","{'FALL_BACKWARD': 3, 'FALL_FORWARD': 4, 'FALL_FROM_SITTING': 1, 'FALL_LEFT': 5, 'FALL_RIGHT': 2}"
phone,20.0,0.5,8.0,1,2,1.0,0.5769230769230769,0.7317073170731707,0.4230769230769231,11,4,"{'SITTING': 1, 'WALKING': 3, 'RUNNING': 1, 'LYING_DOWN': 2, 'SIT_DOWN': 1, 'PICKING_UP_OBJECT': 3}","{'FALL_BACKWARD': 3, 'FALL_FORWARD': 4, 'FALL_FROM_SITTING': 1, 'FALL_LEFT': 5, 'FALL_RIGHT': 2}"
phone,20.0,0.5,8.0,1,3,1.0,0.5769230769230769,0.7317073170731707,0.4230769230769231,11,4,"{'SITTING': 1, 'WALKING': 3, 'RUNNING': 1, 'LYING_DOWN': 2, 'SIT_DOWN': 1, 'PICKING_UP_OBJECT': 3}","{'FALL_BACKWARD': 3, 'FALL_FORWARD': 4, 'FALL_FROM_SITTING': 1, 'FALL_LEFT': 5, 'FALL_RIGHT': 2}"
phone,22.0,0.5,None,1,2,1.0,0.5769230769230769,0.7317073170731707,0.4230769230769231,11,4,"{'SITTING': 1, 'WALKING': 3, 'RUNNING': 1, 'LYING_DOWN': 2, 'SIT_DOWN': 1, 'PICKING_UP_OBJECT': 3}","{'FALL_BACKWARD': 3, 'FALL_FORWARD': 4, 'FALL_FROM_SITTING': 1, 'FALL_LEFT': 5, 'FALL_RIGHT': 2}"
phone,22.0,0.5,None,1,3,1.0,0.5769230769230769,0.7317073170731707,0.4230769230769231,11,4,"{'SITTING': 1, 'WALKING': 3, 'RUNNING': 1, 'LYING_DOWN': 2, 'SIT_DOWN': 1, 'PICKING_UP_OBJECT': 3}","{'FALL_BACKWARD': 3, 'FALL_FORWARD': 4, 'FALL_FROM_SITTING': 1, 'FALL_LEFT': 5, 'FALL_RIGHT': 2}"
phone,22.0,0.5,8.0,1,2,1.0,0.5769230769230769,0.7317073170731707,0.4230769230769231,11,4,"{'SITTING': 1, 'WALKING': 3, 'RUNNING': 1, 'LYING_DOWN': 2, 'SIT_DOWN': 1, 'PICKING_UP_OBJECT': 3}","{'FALL_BACKWARD': 3, 'FALL_FORWARD': 4, 'FALL_FROM_SITTING': 1, 'FALL_LEFT': 5, 'FALL_RIGHT': 2}"
phone,22.0,0.5,8.0,1,3,1.0,0.5769230769230769,0.7317073170731707,0.4230769230769231,11,4,"{'SITTING': 1, 'WALKING': 3, 'RUNNING': 1, 'LYING_DOWN': 2, 'SIT_DOWN': 1, 'PICKING_UP_OBJECT': 3}","{'FALL_BACKWARD': 3, 'FALL_FORWARD': 4, 'FALL_FROM_SITTING': 1, 'FALL_LEFT': 5, 'FALL_RIGHT': 2}"
phone,16.0,0.35,None,2,2,1.0,0.5769230769230769,0.7317073170731707,0.4230769230769231,11,5,"{'SITTING': 1, 'WALKING': 4, 'RUNNING': 1, 'LYING_DOWN': 1, 'SIT_DOWN': 1, 'PICKING_UP_OBJECT': 3}","{'FALL_BACKWARD': 3, 'FALL_FORWARD': 4, 'FALL_FROM_SITTING': 1, 'FALL_LEFT': 5, 'FALL_RIGHT': 2}"
phone,16.0,0.35,None,2,3,1.0,0.5769230769230769,0.7317073170731707,0.4230769230769231,11,5,"{'SITTING': 1, 'WALKING': 4, 'RUNNING': 1, 'LYING_DOWN': 1, 'SIT_DOWN': 1, 'PICKING_UP_OBJECT': 3}","{'FALL_BACKWARD': 3, 'FALL_FORWARD': 4, 'FALL_FROM_SITTING': 1, 'FALL_LEFT': 5, 'FALL_RIGHT': 2}"
phone,16.0,0.35,8.0,2,2,1.0,0.5769230769230769,0.7317073170731707,0.4230769230769231,11,5,"{'SITTING': 1, 'WALKING': 4, 'RUNNING': 1, 'LYING_DOWN': 1, 'SIT_DOWN': 1, 'PICKING_UP_OBJECT': 3}","{'FALL_BACKWARD': 3, 'FALL_FORWARD': 4, 'FALL_FROM_SITTING': 1, 'FALL_LEFT': 5, 'FALL_RIGHT': 2}"
phone,16.0,0.35,8.0,2,3,1.0,0.5769230769230769,0.7317073170731707,0.4230769230769231,11,5,"{'SITTING': 1, 'WALKING': 4, 'RUNNING': 1, 'LYING_DOWN': 1, 'SIT_DOWN': 1, 'PICKING_UP_OBJECT': 3}","{'FALL_BACKWARD': 3, 'FALL_FORWARD': 4, 'FALL_FROM_SITTING': 1, 'FALL_LEFT': 5, 'FALL_RIGHT': 2}"
phone,16.0,0.5,None,1,2,1.0,0.5555555555555556,0.7142857142857143,0.46153846153846156,12,5,"{'SITTING': 1, 'WALKING': 4, 'RUNNING': 1, 'LYING_DOWN': 2, 'SIT_DOWN': 1, 'PICKING_UP_OBJECT': 3}","{'FALL_BACKWARD': 3, 'FALL_FORWARD': 4, 'FALL_FROM_SITTING': 1, 'FALL_LEFT': 5, 'FALL_RIGHT': 2}"
phone,16.0,0.5,None,1,3,1.0,0.5555555555555556,0.7142857142857143,0.46153846153846156,12,5,"{'SITTING': 1, 'WALKING': 4, 'RUNNING': 1, 'LYING_DOWN': 2, 'SIT_DOWN': 1, 'PICKING_UP_OBJECT': 3}","{'FALL_BACKWARD': 3, 'FALL_FORWARD': 4, 'FALL_FROM_SITTING': 1, 'FALL_LEFT': 5, 'FALL_RIGHT': 2}"
phone,16.0,0.5,8.0,1,2,1.0,0.5555555555555556,0.7142857142857143,0.46153846153846156,12,5,"{'SITTING': 1, 'WALKING': 4, 'RUNNING': 1, 'LYING_DOWN': 2, 'SIT_DOWN': 1, 'PICKING_UP_OBJECT': 3}","{'FALL_BACKWARD': 3, 'FALL_FORWARD': 4, 'FALL_FROM_SITTING': 1, 'FALL_LEFT': 5, 'FALL_RIGHT': 2}"
phone,16.0,0.5,8.0,1,3,1.0,0.5555555555555556,0.7142857142857143,0.46153846153846156,12,5,"{'SITTING': 1, 'WALKING': 4, 'RUNNING': 1, 'LYING_DOWN': 2, 'SIT_DOWN': 1, 'PICKING_UP_OBJECT': 3}","{'FALL_BACKWARD': 3, 'FALL_FORWARD': 4, 'FALL_FROM_SITTING': 1, 'FALL_LEFT': 5, 'FALL_RIGHT': 2}"
phone,18.0,0.45,None,1,2,1.0,0.5555555555555556,0.7142857142857143,0.46153846153846156,12,5,"{'SITTING': 1, 'WALKING': 3, 'RUNNING': 1, 'LYING_DOWN': 2, 'JUMPING': 1, 'SIT_DOWN': 1, 'PICKING_UP_OBJECT': 3}","{'FALL_BACKWARD': 3, 'FALL_FORWARD': 4, 'FALL_FROM_SITTING': 1, 'FALL_LEFT': 5, 'FALL_RIGHT': 2}"
phone,18.0,0.45,None,1,3,1.0,0.5555555555555556,0.7142857142857143,0.46153846153846156,12,5,"{'SITTING': 1, 'WALKING': 3, 'RUNNING': 1, 'LYING_DOWN': 2, 'JUMPING': 1, 'SIT_DOWN': 1, 'PICKING_UP_OBJECT': 3}","{'FALL_BACKWARD': 3, 'FALL_FORWARD': 4, 'FALL_FROM_SITTING': 1, 'FALL_LEFT': 5, 'FALL_RIGHT': 2}"
phone,18.0,0.45,8.0,1,2,1.0,0.5555555555555556,0.7142857142857143,0.46153846153846156,12,5,"{'SITTING': 1, 'WALKING': 3, 'RUNNING': 1, 'LYING_DOWN': 2, 'JUMPING': 1, 'SIT_DOWN': 1, 'PICKING_UP_OBJECT': 3}","{'FALL_BACKWARD': 3, 'FALL_FORWARD': 4, 'FALL_FROM_SITTING': 1, 'FALL_LEFT': 5, 'FALL_RIGHT': 2}"
phone,18.0,0.45,8.0,1,3,1.0,0.5555555555555556,0.7142857142857143,0.46153846153846156,12,5,"{'SITTING': 1, 'WALKING': 3, 'RUNNING': 1, 'LYING_DOWN': 2, 'JUMPING': 1, 'SIT_DOWN': 1, 'PICKING_UP_OBJECT': 3}","{'FALL_BACKWARD': 3, 'FALL_FORWARD': 4, 'FALL_FROM_SITTING': 1, 'FALL_LEFT': 5, 'FALL_RIGHT': 2}"
phone,20.0,0.45,None,1,2,1.0,0.5555555555555556,0.7142857142857143,0.46153846153846156,12,5,"{'SITTING': 1, 'WALKING': 3, 'RUNNING': 1, 'LYING_DOWN': 2, 'JUMPING': 1, 'SIT_DOWN': 1, 'PICKING_UP_OBJECT': 3}","{'FALL_BACKWARD': 3, 'FALL_FORWARD': 4, 'FALL_FROM_SITTING': 1, 'FALL_LEFT': 5, 'FALL_RIGHT': 2}"
phone,20.0,0.45,None,1,3,1.0,0.5555555555555556,0.7142857142857143,0.46153846153846156,12,5,"{'SITTING': 1, 'WALKING': 3, 'RUNNING': 1, 'LYING_DOWN': 2, 'JUMPING': 1, 'SIT_DOWN': 1, 'PICKING_UP_OBJECT': 3}","{'FALL_BACKWARD': 3, 'FALL_FORWARD': 4, 'FALL_FROM_SITTING': 1, 'FALL_LEFT': 5, 'FALL_RIGHT': 2}"
phone,20.0,0.45,8.0,1,2,1.0,0.5555555555555556,0.7142857142857143,0.46153846153846156,12,5,"{'SITTING': 1, 'WALKING': 3, 'RUNNING': 1, 'LYING_DOWN': 2, 'JUMPING': 1, 'SIT_DOWN': 1, 'PICKING_UP_OBJECT': 3}","{'FALL_BACKWARD': 3, 'FALL_FORWARD': 4, 'FALL_FROM_SITTING': 1, 'FALL_LEFT': 5, 'FALL_RIGHT': 2}"
phone,20.0,0.45,8.0,1,3,1.0,0.5555555555555556,0.7142857142857143,0.46153846153846156,12,5,"{'SITTING': 1, 'WALKING': 3, 'RUNNING': 1, 'LYING_DOWN': 2, 'JUMPING': 1, 'SIT_DOWN': 1, 'PICKING_UP_OBJECT': 3}","{'FALL_BACKWARD': 3, 'FALL_FORWARD': 4, 'FALL_FROM_SITTING': 1, 'FALL_LEFT': 5, 'FALL_RIGHT': 2}"
phone,22.0,0.45,None,1,2,1.0,0.5555555555555556,0.7142857142857143,0.46153846153846156,12,5,"{'SITTING': 1, 'WALKING': 3, 'RUNNING': 1, 'LYING_DOWN': 2, 'JUMPING': 1, 'SIT_DOWN': 1, 'PICKING_UP_OBJECT': 3}","{'FALL_BACKWARD': 3, 'FALL_FORWARD': 4, 'FALL_FROM_SITTING': 1, 'FALL_LEFT': 5, 'FALL_RIGHT': 2}"
phone,22.0,0.45,None,1,3,1.0,0.5555555555555556,0.7142857142857143,0.46153846153846156,12,5,"{'SITTING': 1, 'WALKING': 3, 'RUNNING': 1, 'LYING_DOWN': 2, 'JUMPING': 1, 'SIT_DOWN': 1, 'PICKING_UP_OBJECT': 3}","{'FALL_BACKWARD': 3, 'FALL_FORWARD': 4, 'FALL_FROM_SITTING': 1, 'FALL_LEFT': 5, 'FALL_RIGHT': 2}"
phone,22.0,0.45,8.0,1,2,1.0,0.5555555555555556,0.7142857142857143,0.46153846153846156,12,5,"{'SITTING': 1, 'WALKING': 3, 'RUNNING': 1, 'LYING_DOWN': 2, 'JUMPING': 1, 'SIT_DOWN': 1, 'PICKING_UP_OBJECT': 3}","{'FALL_BACKWARD': 3, 'FALL_FORWARD': 4, 'FALL_FROM_SITTING': 1, 'FALL_LEFT': 5, 'FALL_RIGHT': 2}"
phone,22.0,0.45,8.0,1,3,1.0,0.5555555555555556,0.7142857142857143,0.46153846153846156,12,5,"{'SITTING': 1, 'WALKING': 3, 'RUNNING': 1, 'LYING_DOWN': 2, 'JUMPING': 1, 'SIT_DOWN': 1, 'PICKING_UP_OBJECT': 3}","{'FALL_BACKWARD': 3, 'FALL_FORWARD': 4, 'FALL_FROM_SITTING': 1, 'FALL_LEFT': 5, 'FALL_RIGHT': 2}"
phone,24.0,0.4,None,1,2,1.0,0.5555555555555556,0.7142857142857143,0.46153846153846156,12,6,"{'SITTING': 1, 'WALKING': 4, 'RUNNING': 1, 'LYING_DOWN': 2, 'JUMPING': 1, 'SIT_DOWN': 1, 'PICKING_UP_OBJECT': 2}","{'FALL_BACKWARD': 3, 'FALL_FORWARD': 4, 'FALL_FROM_SITTING': 1, 'FALL_LEFT': 5, 'FALL_RIGHT': 2}"
phone,24.0,0.4,None,1,3,1.0,0.5555555555555556,0.7142857142857143,0.46153846153846156,12,6,"{'SITTING': 1, 'WALKING': 4, 'RUNNING': 1, 'LYING_DOWN': 2, 'JUMPING': 1, 'SIT_DOWN': 1, 'PICKING_UP_OBJECT': 2}","{'FALL_BACKWARD': 3, 'FALL_FORWARD': 4, 'FALL_FROM_SITTING': 1, 'FALL_LEFT': 5, 'FALL_RIGHT': 2}"
phone,24.0,0.4,8.0,1,2,1.0,0.5555555555555556,0.7142857142857143,0.46153846153846156,12,6,"{'SITTING': 1, 'WALKING': 4, 'RUNNING': 1, 'LYING_DOWN': 2, 'JUMPING': 1, 'SIT_DOWN': 1, 'PICKING_UP_OBJECT': 2}","{'FALL_BACKWARD': 3, 'FALL_FORWARD': 4, 'FALL_FROM_SITTING': 1, 'FALL_LEFT': 5, 'FALL_RIGHT': 2}"
phone,24.0,0.4,8.0,1,3,1.0,0.5555555555555556,0.7142857142857143,0.46153846153846156,12,6,"{'SITTING': 1, 'WALKING': 4, 'RUNNING': 1, 'LYING_DOWN': 2, 'JUMPING': 1, 'SIT_DOWN': 1, 'PICKING_UP_OBJECT': 2}","{'FALL_BACKWARD': 3, 'FALL_FORWARD': 4, 'FALL_FROM_SITTING': 1, 'FALL_LEFT': 5, 'FALL_RIGHT': 2}"
phone,26.0,0.4,None,1,2,1.0,0.5555555555555556,0.7142857142857143,0.46153846153846156,12,6,"{'SITTING': 1, 'WALKING': 4, 'RUNNING': 1, 'LYING_DOWN': 2, 'JUMPING': 1, 'SIT_DOWN': 1, 'PICKING_UP_OBJECT': 2}","{'FALL_BACKWARD': 3, 'FALL_FORWARD': 4, 'FALL_FROM_SITTING': 1, 'FALL_LEFT': 5, 'FALL_RIGHT': 2}"
phone,26.0,0.4,None,1,3,1.0,0.5555555555555556,0.7142857142857143,0.46153846153846156,12,6,"{'SITTING': 1, 'WALKING': 4, 'RUNNING': 1, 'LYING_DOWN': 2, 'JUMPING': 1, 'SIT_DOWN': 1, 'PICKING_UP_OBJECT': 2}","{'FALL_BACKWARD': 3, 'FALL_FORWARD': 4, 'FALL_FROM_SITTING': 1, 'FALL_LEFT': 5, 'FALL_RIGHT': 2}"
phone,26.0,0.4,8.0,1,2,1.0,0.5555555555555556,0.7142857142857143,0.46153846153846156,12,6,"{'SITTING': 1, 'WALKING': 4, 'RUNNING': 1, 'LYING_DOWN': 2, 'JUMPING': 1, 'SIT_DOWN': 1, 'PICKING_UP_OBJECT': 2}","{'FALL_BACKWARD': 3, 'FALL_FORWARD': 4, 'FALL_FROM_SITTING': 1, 'FALL_LEFT': 5, 'FALL_RIGHT': 2}"
phone,26.0,0.4,8.0,1,3,1.0,0.5555555555555556,0.7142857142857143,0.46153846153846156,12,6,"{'SITTING': 1, 'WALKING': 4, 'RUNNING': 1, 'LYING_DOWN': 2, 'JUMPING': 1, 'SIT_DOWN': 1, 'PICKING_UP_OBJECT': 2}","{'FALL_BACKWARD': 3, 'FALL_FORWARD': 4, 'FALL_FROM_SITTING': 1, 'FALL_LEFT': 5, 'FALL_RIGHT': 2}"
phone,16.0,0.4,None,1,2,1.0,0.5357142857142857,0.6976744186046512,0.5,13,6,"{'SITTING': 1, 'WALKING': 4, 'RUNNING': 1, 'LYING_DOWN': 2, 'JUMPING': 1, 'SIT_DOWN': 1, 'PICKING_UP_OBJECT': 3}","{'FALL_BACKWARD': 3, 'FALL_FORWARD': 4, 'FALL_FROM_SITTING': 1, 'FALL_LEFT': 5, 'FALL_RIGHT': 2}"
phone,16.0,0.4,None,1,3,1.0,0.5357142857142857,0.6976744186046512,0.5,13,6,"{'SITTING': 1, 'WALKING': 4, 'RUNNING': 1, 'LYING_DOWN': 2, 'JUMPING': 1, 'SIT_DOWN': 1, 'PICKING_UP_OBJECT': 3}","{'FALL_BACKWARD': 3, 'FALL_FORWARD': 4, 'FALL_FROM_SITTING': 1, 'FALL_LEFT': 5, 'FALL_RIGHT': 2}"
phone,16.0,0.4,8.0,1,2,1.0,0.5357142857142857,0.6976744186046512,0.5,13,6,"{'SITTING': 1, 'WALKING': 4, 'RUNNING': 1, 'LYING_DOWN': 2, 'JUMPING': 1, 'SIT_DOWN': 1, 'PICKING_UP_OBJECT': 3}","{'FALL_BACKWARD': 3, 'FALL_FORWARD': 4, 'FALL_FROM_SITTING': 1, 'FALL_LEFT': 5, 'FALL_RIGHT': 2}"
phone,16.0,0.4,8.0,1,3,1.0,0.5357142857142857,0.6976744186046512,0.5,13,6,"{'SITTING': 1, 'WALKING': 4, 'RUNNING': 1, 'LYING_DOWN': 2, 'JUMPING': 1, 'SIT_DOWN': 1, 'PICKING_UP_OBJECT': 3}","{'FALL_BACKWARD': 3, 'FALL_FORWARD': 4, 'FALL_FROM_SITTING': 1, 'FALL_LEFT': 5, 'FALL_RIGHT': 2}"
phone,16.0,0.45,None,1,2,1.0,0.5357142857142857,0.6976744186046512,0.5,13,6,"{'SITTING': 1, 'WALKING': 4, 'RUNNING': 1, 'LYING_DOWN': 2, 'JUMPING': 1, 'SIT_DOWN': 1, 'PICKING_UP_OBJECT': 3}","{'FALL_BACKWARD': 3, 'FALL_FORWARD': 4, 'FALL_FROM_SITTING': 1, 'FALL_LEFT': 5, 'FALL_RIGHT': 2}"
phone,16.0,0.45,None,1,3,1.0,0.5357142857142857,0.6976744186046512,0.5,13,6,"{'SITTING': 1, 'WALKING': 4, 'RUNNING': 1, 'LYING_DOWN': 2, 'JUMPING': 1, 'SIT_DOWN': 1, 'PICKING_UP_OBJECT': 3}","{'FALL_BACKWARD': 3, 'FALL_FORWARD': 4, 'FALL_FROM_SITTING': 1, 'FALL_LEFT': 5, 'FALL_RIGHT': 2}"
phone,16.0,0.45,8.0,1,2,1.0,0.5357142857142857,0.6976744186046512,0.5,13,6,"{'SITTING': 1, 'WALKING': 4, 'RUNNING': 1, 'LYING_DOWN': 2, 'JUMPING': 1, 'SIT_DOWN': 1, 'PICKING_UP_OBJECT': 3}","{'FALL_BACKWARD': 3, 'FALL_FORWARD': 4, 'FALL_FROM_SITTING': 1, 'FALL_LEFT': 5, 'FALL_RIGHT': 2}"
phone,16.0,0.45,8.0,1,3,1.0,0.5357142857142857,0.6976744186046512,0.5,13,6,"{'SITTING': 1, 'WALKING': 4, 'RUNNING': 1, 'LYING_DOWN': 2, 'JUMPING': 1, 'SIT_DOWN': 1, 'PICKING_UP_OBJECT': 3}","{'FALL_BACKWARD': 3, 'FALL_FORWARD': 4, 'FALL_FROM_SITTING': 1, 'FALL_LEFT': 5, 'FALL_RIGHT': 2}"
phone,18.0,0.4,None,1,2,1.0,0.5357142857142857,0.6976744186046512,0.5,13,6,"{'SITTING': 1, 'WALKING': 4, 'RUNNING': 1, 'LYING_DOWN': 2, 'JUMPING': 1, 'SIT_DOWN': 1, 'PICKING_UP_OBJECT': 3}","{'FALL_BACKWARD': 3, 'FALL_FORWARD': 4, 'FALL_FROM_SITTING': 1, 'FALL_LEFT': 5, 'FALL_RIGHT': 2}"
phone,18.0,0.4,None,1,3,1.0,0.5357142857142857,0.6976744186046512,0.5,13,6,"{'SITTING': 1, 'WALKING': 4, 'RUNNING': 1, 'LYING_DOWN': 2, 'JUMPING': 1, 'SIT_DOWN': 1, 'PICKING_UP_OBJECT': 3}","{'FALL_BACKWARD': 3, 'FALL_FORWARD': 4, 'FALL_FROM_SITTING': 1, 'FALL_LEFT': 5, 'FALL_RIGHT': 2}"
phone,18.0,0.4,8.0,1,2,1.0,0.5357142857142857,0.6976744186046512,0.5,13,6,"{'SITTING': 1, 'WALKING': 4, 'RUNNING': 1, 'LYING_DOWN': 2, 'JUMPING': 1, 'SIT_DOWN': 1, 'PICKING_UP_OBJECT': 3}","{'FALL_BACKWARD': 3, 'FALL_FORWARD': 4, 'FALL_FROM_SITTING': 1, 'FALL_LEFT': 5, 'FALL_RIGHT': 2}"
phone,18.0,0.4,8.0,1,3,1.0,0.5357142857142857,0.6976744186046512,0.5,13,6,"{'SITTING': 1, 'WALKING': 4, 'RUNNING': 1, 'LYING_DOWN': 2, 'JUMPING': 1, 'SIT_DOWN': 1, 'PICKING_UP_OBJECT': 3}","{'FALL_BACKWARD': 3, 'FALL_FORWARD': 4, 'FALL_FROM_SITTING': 1, 'FALL_LEFT': 5, 'FALL_RIGHT': 2}"
phone,20.0,0.4,None,1,2,1.0,0.5357142857142857,0.6976744186046512,0.5,13,6,"{'SITTING': 1, 'WALKING': 4, 'RUNNING': 1, 'LYING_DOWN': 2, 'JUMPING': 1, 'SIT_DOWN': 1, 'PICKING_UP_OBJECT': 3}","{'FALL_BACKWARD': 3, 'FALL_FORWARD': 4, 'FALL_FROM_SITTING': 1, 'FALL_LEFT': 5, 'FALL_RIGHT': 2}"
phone,20.0,0.4,None,1,3,1.0,0.5357142857142857,0.6976744186046512,0.5,13,6,"{'SITTING': 1, 'WALKING': 4, 'RUNNING': 1, 'LYING_DOWN': 2, 'JUMPING': 1, 'SIT_DOWN': 1, 'PICKING_UP_OBJECT': 3}","{'FALL_BACKWARD': 3, 'FALL_FORWARD': 4, 'FALL_FROM_SITTING': 1, 'FALL_LEFT': 5, 'FALL_RIGHT': 2}"
phone,20.0,0.4,8.0,1,2,1.0,0.5357142857142857,0.6976744186046512,0.5,13,6,"{'SITTING': 1, 'WALKING': 4, 'RUNNING': 1, 'LYING_DOWN': 2, 'JUMPING': 1, 'SIT_DOWN': 1, 'PICKING_UP_OBJECT': 3}","{'FALL_BACKWARD': 3, 'FALL_FORWARD': 4, 'FALL_FROM_SITTING': 1, 'FALL_LEFT': 5, 'FALL_RIGHT': 2}"
phone,20.0,0.4,8.0,1,3,1.0,0.5357142857142857,0.6976744186046512,0.5,13,6,"{'SITTING': 1, 'WALKING': 4, 'RUNNING': 1, 'LYING_DOWN': 2, 'JUMPING': 1, 'SIT_DOWN': 1, 'PICKING_UP_OBJECT': 3}","{'FALL_BACKWARD': 3, 'FALL_FORWARD': 4, 'FALL_FROM_SITTING': 1, 'FALL_LEFT': 5, 'FALL_RIGHT': 2}"
phone,22.0,0.4,None,1,2,1.0,0.5357142857142857,0.6976744186046512,0.5,13,6,"{'SITTING': 1, 'WALKING': 4, 'RUNNING': 1, 'LYING_DOWN': 2, 'JUMPING': 1, 'SIT_DOWN': 1, 'PICKING_UP_OBJECT': 3}","{'FALL_BACKWARD': 3, 'FALL_FORWARD': 4, 'FALL_FROM_SITTING': 1, 'FALL_LEFT': 5, 'FALL_RIGHT': 2}"
phone,22.0,0.4,None,1,3,1.0,0.5357142857142857,0.6976744186046512,0.5,13,6,"{'SITTING': 1, 'WALKING': 4, 'RUNNING': 1, 'LYING_DOWN': 2, 'JUMPING': 1, 'SIT_DOWN': 1, 'PICKING_UP_OBJECT': 3}","{'FALL_BACKWARD': 3, 'FALL_FORWARD': 4, 'FALL_FROM_SITTING': 1, 'FALL_LEFT': 5, 'FALL_RIGHT': 2}"
phone,22.0,0.4,8.0,1,2,1.0,0.5357142857142857,0.6976744186046512,0.5,13,6,"{'SITTING': 1, 'WALKING': 4, 'RUNNING': 1, 'LYING_DOWN': 2, 'JUMPING': 1, 'SIT_DOWN': 1, 'PICKING_UP_OBJECT': 3}","{'FALL_BACKWARD': 3, 'FALL_FORWARD': 4, 'FALL_FROM_SITTING': 1, 'FALL_LEFT': 5, 'FALL_RIGHT': 2}"
phone,22.0,0.4,8.0,1,3,1.0,0.5357142857142857,0.6976744186046512,0.5,13,6,"{'SITTING': 1, 'WALKING': 4, 'RUNNING': 1, 'LYING_DOWN': 2, 'JUMPING': 1, 'SIT_DOWN': 1, 'PICKING_UP_OBJECT': 3}","{'FALL_BACKWARD': 3, 'FALL_FORWARD': 4, 'FALL_FROM_SITTING': 1, 'FALL_LEFT': 5, 'FALL_RIGHT': 2}"
phone,24.0,0.35,None,1,2,1.0,0.5357142857142857,0.6976744186046512,0.5,13,7,"{'SITTING': 1, 'WALKING': 4, 'RUNNING': 2, 'LYING_DOWN': 2, 'JUMPING': 1, 'SIT_DOWN': 1, 'PICKING_UP_OBJECT': 2}","{'FALL_BACKWARD': 3, 'FALL_FORWARD': 4, 'FALL_FROM_SITTING': 1, 'FALL_LEFT': 5, 'FALL_RIGHT': 2}"
phone,24.0,0.35,None,1,3,1.0,0.5357142857142857,0.6976744186046512,0.5,13,7,"{'SITTING': 1, 'WALKING': 4, 'RUNNING': 2, 'LYING_DOWN': 2, 'JUMPING': 1, 'SIT_DOWN': 1, 'PICKING_UP_OBJECT': 2}","{'FALL_BACKWARD': 3, 'FALL_FORWARD': 4, 'FALL_FROM_SITTING': 1, 'FALL_LEFT': 5, 'FALL_RIGHT': 2}"
phone,24.0,0.35,8.0,1,2,1.0,0.5357142857142857,0.6976744186046512,0.5,13,7,"{'SITTING': 1, 'WALKING': 4, 'RUNNING': 2, 'LYING_DOWN': 2, 'JUMPING': 1, 'SIT_DOWN': 1, 'PICKING_UP_OBJECT': 2}","{'FALL_BACKWARD': 3, 'FALL_FORWARD': 4, 'FALL_FROM_SITTING': 1, 'FALL_LEFT': 5, 'FALL_RIGHT': 2}"
phone,24.0,0.35,8.0,1,3,1.0,0.5357142857142857,0.6976744186046512,0.5,13,7,"{'SITTING': 1, 'WALKING': 4, 'RUNNING': 2, 'LYING_DOWN': 2, 'JUMPING': 1, 'SIT_DOWN': 1, 'PICKING_UP_OBJECT': 2}","{'FALL_BACKWARD': 3, 'FALL_FORWARD': 4, 'FALL_FROM_SITTING': 1, 'FALL_LEFT': 5, 'FALL_RIGHT': 2}"
phone,26.0,0.35,None,1,2,1.0,0.5357142857142857,0.6976744186046512,0.5,13,7,"{'SITTING': 1, 'WALKING': 4, 'RUNNING': 2, 'LYING_DOWN': 2, 'JUMPING': 1, 'SIT_DOWN': 1, 'PICKING_UP_OBJECT': 2}","{'FALL_BACKWARD': 3, 'FALL_FORWARD': 4, 'FALL_FROM_SITTING': 1, 'FALL_LEFT': 5, 'FALL_RIGHT': 2}"
phone,26.0,0.35,None,1,3,1.0,0.5357142857142857,0.6976744186046512,0.5,13,7,"{'SITTING': 1, 'WALKING': 4, 'RUNNING': 2, 'LYING_DOWN': 2, 'JUMPING': 1, 'SIT_DOWN': 1, 'PICKING_UP_OBJECT': 2}","{'FALL_BACKWARD': 3, 'FALL_FORWARD': 4, 'FALL_FROM_SITTING': 1, 'FALL_LEFT': 5, 'FALL_RIGHT': 2}"
phone,26.0,0.35,8.0,1,2,1.0,0.5357142857142857,0.6976744186046512,0.5,13,7,"{'SITTING': 1, 'WALKING': 4, 'RUNNING': 2, 'LYING_DOWN': 2, 'JUMPING': 1, 'SIT_DOWN': 1, 'PICKING_UP_OBJECT': 2}","{'FALL_BACKWARD': 3, 'FALL_FORWARD': 4, 'FALL_FROM_SITTING': 1, 'FALL_LEFT': 5, 'FALL_RIGHT': 2}"
phone,26.0,0.35,8.0,1,3,1.0,0.5357142857142857,0.6976744186046512,0.5,13,7,"{'SITTING': 1, 'WALKING': 4, 'RUNNING': 2, 'LYING_DOWN': 2, 'JUMPING': 1, 'SIT_DOWN': 1, 'PICKING_UP_OBJECT': 2}","{'FALL_BACKWARD': 3, 'FALL_FORWARD': 4, 'FALL_FROM_SITTING': 1, 'FALL_LEFT': 5, 'FALL_RIGHT': 2}"
phone,16.0,0.35,None,1,2,1.0,0.5172413793103449,0.6818181818181819,0.5384615384615384,14,7,"{'SITTING': 1, 'WALKING': 4, 'RUNNING': 2, 'LYING_DOWN': 2, 'JUMPING': 1, 'SIT_DOWN': 1, 'PICKING_UP_OBJECT': 3}","{'FALL_BACKWARD': 3, 'FALL_FORWARD': 4, 'FALL_FROM_SITTING': 1, 'FALL_LEFT': 5, 'FALL_RIGHT': 2}"
phone,16.0,0.35,None,1,3,1.0,0.5172413793103449,0.6818181818181819,0.5384615384615384,14,7,"{'SITTING': 1, 'WALKING': 4, 'RUNNING': 2, 'LYING_DOWN': 2, 'JUMPING': 1, 'SIT_DOWN': 1, 'PICKING_UP_OBJECT': 3}","{'FALL_BACKWARD': 3, 'FALL_FORWARD': 4, 'FALL_FROM_SITTING': 1, 'FALL_LEFT': 5, 'FALL_RIGHT': 2}"
phone,16.0,0.35,8.0,1,2,1.0,0.5172413793103449,0.6818181818181819,0.5384615384615384,14,7,"{'SITTING': 1, 'WALKING': 4, 'RUNNING': 2, 'LYING_DOWN': 2, 'JUMPING': 1, 'SIT_DOWN': 1, 'PICKING_UP_OBJECT': 3}","{'FALL_BACKWARD': 3, 'FALL_FORWARD': 4, 'FALL_FROM_SITTING': 1, 'FALL_LEFT': 5, 'FALL_RIGHT': 2}"
phone,16.0,0.35,8.0,1,3,1.0,0.5172413793103449,0.6818181818181819,0.5384615384615384,14,7,"{'SITTING': 1, 'WALKING': 4, 'RUNNING': 2, 'LYING_DOWN': 2, 'JUMPING': 1, 'SIT_DOWN': 1, 'PICKING_UP_OBJECT': 3}","{'FALL_BACKWARD': 3, 'FALL_FORWARD': 4, 'FALL_FROM_SITTING': 1, 'FALL_LEFT': 5, 'FALL_RIGHT': 2}"
phone,18.0,0.35,None,1,2,1.0,0.5172413793103449,0.6818181818181819,0.5384615384615384,14,7,"{'SITTING': 1, 'WALKING': 4, 'RUNNING': 2, 'LYING_DOWN': 2, 'JUMPING': 1, 'SIT_DOWN': 1, 'PICKING_UP_OBJECT': 3}","{'FALL_BACKWARD': 3, 'FALL_FORWARD': 4, 'FALL_FROM_SITTING': 1, 'FALL_LEFT': 5, 'FALL_RIGHT': 2}"
phone,18.0,0.35,None,1,3,1.0,0.5172413793103449,0.6818181818181819,0.5384615384615384,14,7,"{'SITTING': 1, 'WALKING': 4, 'RUNNING': 2, 'LYING_DOWN': 2, 'JUMPING': 1, 'SIT_DOWN': 1, 'PICKING_UP_OBJECT': 3}","{'FALL_BACKWARD': 3, 'FALL_FORWARD': 4, 'FALL_FROM_SITTING': 1, 'FALL_LEFT': 5, 'FALL_RIGHT': 2}"
phone,18.0,0.35,8.0,1,2,1.0,0.5172413793103449,0.6818181818181819,0.5384615384615384,14,7,"{'SITTING': 1, 'WALKING': 4, 'RUNNING': 2, 'LYING_DOWN': 2, 'JUMPING': 1, 'SIT_DOWN': 1, 'PICKING_UP_OBJECT': 3}","{'FALL_BACKWARD': 3, 'FALL_FORWARD': 4, 'FALL_FROM_SITTING': 1, 'FALL_LEFT': 5, 'FALL_RIGHT': 2}"
phone,18.0,0.35,8.0,1,3,1.0,0.5172413793103449,0.6818181818181819,0.5384615384615384,14,7,"{'SITTING': 1, 'WALKING': 4, 'RUNNING': 2, 'LYING_DOWN': 2, 'JUMPING': 1, 'SIT_DOWN': 1, 'PICKING_UP_OBJECT': 3}","{'FALL_BACKWARD': 3, 'FALL_FORWARD': 4, 'FALL_FROM_SITTING': 1, 'FALL_LEFT': 5, 'FALL_RIGHT': 2}"
phone,20.0,0.35,None,1,2,1.0,0.5172413793103449,0.6818181818181819,0.5384615384615384,14,7,"{'SITTING': 1, 'WALKING': 4, 'RUNNING': 2, 'LYING_DOWN': 2, 'JUMPING': 1, 'SIT_DOWN': 1, 'PICKING_UP_OBJECT': 3}","{'FALL_BACKWARD': 3, 'FALL_FORWARD': 4, 'FALL_FROM_SITTING': 1, 'FALL_LEFT': 5, 'FALL_RIGHT': 2}"
phone,20.0,0.35,None,1,3,1.0,0.5172413793103449,0.6818181818181819,0.5384615384615384,14,7,"{'SITTING': 1, 'WALKING': 4, 'RUNNING': 2, 'LYING_DOWN': 2, 'JUMPING': 1, 'SIT_DOWN': 1, 'PICKING_UP_OBJECT': 3}","{'FALL_BACKWARD': 3, 'FALL_FORWARD': 4, 'FALL_FROM_SITTING': 1, 'FALL_LEFT': 5, 'FALL_RIGHT': 2}"
phone,20.0,0.35,8.0,1,2,1.0,0.5172413793103449,0.6818181818181819,0.5384615384615384,14,7,"{'SITTING': 1, 'WALKING': 4, 'RUNNING': 2, 'LYING_DOWN': 2, 'JUMPING': 1, 'SIT_DOWN': 1, 'PICKING_UP_OBJECT': 3}","{'FALL_BACKWARD': 3, 'FALL_FORWARD': 4, 'FALL_FROM_SITTING': 1, 'FALL_LEFT': 5, 'FALL_RIGHT': 2}"
phone,20.0,0.35,8.0,1,3,1.0,0.5172413793103449,0.6818181818181819,0.5384615384615384,14,7,"{'SITTING': 1, 'WALKING': 4, 'RUNNING': 2, 'LYING_DOWN': 2, 'JUMPING': 1, 'SIT_DOWN': 1, 'PICKING_UP_OBJECT': 3}","{'FALL_BACKWARD': 3, 'FALL_FORWARD': 4, 'FALL_FROM_SITTING': 1, 'FALL_LEFT': 5, 'FALL_RIGHT': 2}"
phone,22.0,0.35,None,1,2,1.0,0.5172413793103449,0.6818181818181819,0.5384615384615384,14,7,"{'SITTING': 1, 'WALKING': 4, 'RUNNING': 2, 'LYING_DOWN': 2, 'JUMPING': 1, 'SIT_DOWN': 1, 'PICKING_UP_OBJECT': 3}","{'FALL_BACKWARD': 3, 'FALL_FORWARD': 4, 'FALL_FROM_SITTING': 1, 'FALL_LEFT': 5, 'FALL_RIGHT': 2}"
phone,22.0,0.35,None,1,3,1.0,0.5172413793103449,0.6818181818181819,0.5384615384615384,14,7,"{'SITTING': 1, 'WALKING': 4, 'RUNNING': 2, 'LYING_DOWN': 2, 'JUMPING': 1, 'SIT_DOWN': 1, 'PICKING_UP_OBJECT': 3}","{'FALL_BACKWARD': 3, 'FALL_FORWARD': 4, 'FALL_FROM_SITTING': 1, 'FALL_LEFT': 5, 'FALL_RIGHT': 2}"
phone,22.0,0.35,8.0,1,2,1.0,0.5172413793103449,0.6818181818181819,0.5384615384615384,14,7,"{'SITTING': 1, 'WALKING': 4, 'RUNNING': 2, 'LYING_DOWN': 2, 'JUMPING': 1, 'SIT_DOWN': 1, 'PICKING_UP_OBJECT': 3}","{'FALL_BACKWARD': 3, 'FALL_FORWARD': 4, 'FALL_FROM_SITTING': 1, 'FALL_LEFT': 5, 'FALL_RIGHT': 2}"
phone,22.0,0.35,8.0,1,3,1.0,0.5172413793103449,0.6818181818181819,0.5384615384615384,14,7,"{'SITTING': 1, 'WALKING': 4, 'RUNNING': 2, 'LYING_DOWN': 2, 'JUMPING': 1, 'SIT_DOWN': 1, 'PICKING_UP_OBJECT': 3}","{'FALL_BACKWARD': 3, 'FALL_FORWARD': 4, 'FALL_FROM_SITTING': 1, 'FALL_LEFT': 5, 'FALL_RIGHT': 2}"
