device,filename,session_id,activity,fall_binary,split,rows,duration,first_timestamp,last_timestamp
WATCH,SESSION_20260831_130618_E3A0_WATCH.csv,SESSION_20260831_130618_E3A0,SITTING,NORMAL,TRAIN,2290,23.105,1788161777481,1788161800586
WATCH,SESSION_20260831_130655_4D60_WATCH.csv,SESSION_20260831_130655_4D60,SITTING,NORMAL,TRAIN,2616,17.463,1788161814068,1788161831531
WATCH,SESSION_20260831_130733_B21B_WATCH.csv,SESSION_20260831_130733_B21B,SITTING,NORMAL,TRAIN,10806,72.229,1788161852454,1788161924683
WATCH,SESSION_20260831_131244_7E37_WATCH.csv,SESSION_20260831_131244_7E37,SITTING,NORMAL,TRAIN,10466,124.652,1788162163484,1788162288136
WATCH,SESSION_20260831_132734_172A_WATCH.csv,SESSION_20260831_132734_172A,SITTING,NORMAL,TRAIN,3086,20.623,1788163054547,1788163075170
WATCH,SESSION_20260831_132901_68CF_WATCH.csv,SESSION_20260831_132901_68CF,SITTING,NORMAL,TRAIN,3153,21.064,1788163141789,1788163162853
WATCH,SESSION_20260831_133439_6114_WATCH.csv,SESSION_20260831_133439_6114,SITTING,NORMAL,TRAIN,1752,11.693,1788163479571,1788163491264
WATCH,SESSION_20260831_133502_D60B_WATCH.csv,SESSION_20260831_133502_D60B,SITTING,NORMAL,TRAIN,3180,21.244,1788163502900,1788163524144
WATCH,SESSION_20260831_133617_8F51_WATCH.csv,SESSION_20260831_133617_8F51,SITTING,NORMAL,TRAIN,4284,28.624,1788163577461,1788163606085
WATCH,SESSION_20260831_133723_F10E_WATCH.csv,SESSION_20260831_133723_F10E,SITTING,NORMAL,TRAIN,3299,22.04,1788163643634,1788163665674
WATCH,SESSION_20260831_133803_E6DE_WATCH.csv,SESSION_20260831_133803_E6DE,SITTING,NORMAL,TRAIN,3837,25.633,1788163683893,1788163709526
WATCH,SESSION_20260831_133842_4924_WATCH.csv,SESSION_20260831_133842_4924,SITTING,NORMAL,TRAIN,2994,19.999,1788163722438,1788163742437
WATCH,SESSION_20260831_133955_8F51_WATCH.csv,SESSION_20260831_133955_8F51,SITTING,NORMAL,TRAIN,3090,20.639,1788163795487,1788163816126
WATCH,SESSION_20260831_162742_0C68_WATCH.csv,SESSION_20260831_162742_0C68,SITTING,NORMAL,TRAIN,3881,25.927,1788173862224,1788173888151
WATCH,SESSION_20260831_162935_9671_WATCH.csv,SESSION_20260831_162935_9671,SITTING,NORMAL,TRAIN,4356,29.096,1788173975716,1788174004812
WATCH,SESSION_20260831_163021_1E54_WATCH.csv,SESSION_20260831_163021_1E54,SITTING,NORMAL,TRAIN,4298,28.719,1788174021505,1788174050224
WATCH,SESSION_20260831_163359_4327_WATCH.csv,SESSION_20260831_163359_4327,STANDING,NORMAL,TRAIN,3675,24.546,1788174239195,1788174263741
WATCH,SESSION_20260831_163439_83DC_WATCH.csv,SESSION_20260831_163439_83DC,STANDING,NORMAL,TRAIN,4233,28.281,1788174279536,1788174307817
WATCH,SESSION_20260831_163649_29E0_WATCH.csv,SESSION_20260831_163649_29E0,STANDING,NORMAL,TRAIN,4773,31.894,1788174409353,1788174441247
WATCH,SESSION_20260831_163732_3BBC_WATCH.csv,SESSION_20260831_163732_3BBC,STANDING,NORMAL,TRAIN,5006,33.46,1788174452313,1788174485773
WATCH,SESSION_20260831_163815_A769_WATCH.csv,SESSION_20260831_163815_A769,STANDING,NORMAL,TRAIN,5451,36.428,1788174495923,1788174532351
WATCH,SESSION_20260831_163857_AC7A_WATCH.csv,SESSION_20260831_163857_AC7A,STANDING,NORMAL,TRAIN,5307,35.463,1788174537457,1788174572920
WATCH,SESSION_20260831_163942_C471_WATCH.csv,SESSION_20260831_163942_C471,STANDING,NORMAL,TRAIN,5793,38.721,1788174582157,1788174620878
WATCH,SESSION_20260831_164029_08AD_WATCH.csv,SESSION_20260831_164029_08AD,STANDING,NORMAL,TRAIN,5424,36.253,1788174629957,1788174666210
WATCH,SESSION_20260831_164222_2B63_WATCH.csv,SESSION_20260831_164222_2B63,STANDING,NORMAL,TRAIN,3963,26.48,1788174742920,1788174769400
WATCH,SESSION_20260831_164259_20DE_WATCH.csv,SESSION_20260831_164259_20DE,STANDING,NORMAL,TRAIN,4531,30.281,1788174779947,1788174810228
WATCH,SESSION_20260831_171552_10CB_WATCH.csv,SESSION_20260831_171552_10CB,STANDING,NORMAL,TRAIN,4103,27.393,1788176752793,1788176780186
WATCH,SESSION_20260831_171624_838F_WATCH.csv,SESSION_20260831_171624_838F,STANDING,NORMAL,TRAIN,3810,25.435,1788176784769,1788176810204
WATCH,SESSION_20260831_171706_B5E5_WATCH.csv,SESSION_20260831_171706_B5E5,STANDING,NORMAL,TRAIN,4395,29.34,1788176826292,1788176855632
WATCH,SESSION_20260831_171746_0D64_WATCH.csv,SESSION_20260831_171746_0D64,STANDING,NORMAL,TRAIN,4839,32.317,1788176866871,1788176899188
WATCH,SESSION_20260831_171825_3B40_WATCH.csv,SESSION_20260831_171825_3B40,STANDING,NORMAL,TRAIN,3438,22.948,1788176905748,1788176928696
WATCH,SESSION_20260831_171909_4363_WATCH.csv,SESSION_20260831_171909_4363,STANDING,NORMAL,TRAIN,5463,36.494,1788176949355,1788176985849
WATCH,SESSION_20260831_172356_AD7C_WATCH.csv,SESSION_20260831_172356_AD7C,STANDING,NORMAL,TRAIN,4629,30.901,1788177236076,1788177266977
WATCH,SESSION_20260831_172608_5B78_WATCH.csv,SESSION_20260831_172608_5B78,WALKING,NORMAL,TRAIN,5558,37.127,1788177368449,1788177405576
WATCH,SESSION_20260831_172742_EC4F_WATCH.csv,SESSION_20260831_172742_EC4F,WALKING,NORMAL,TRAIN,3360,22.442,1788177462084,1788177484526
WATCH,SESSION_20260831_172818_D500_WATCH.csv,SESSION_20260831_172818_D500,WALKING,NORMAL,TRAIN,3770,24.666,1788177499353,1788177524019
WATCH,SESSION_20260831_172925_A2DE_WATCH.csv,SESSION_20260831_172925_A2DE,WALKING,NORMAL,TRAIN,5064,33.824,1788177564857,1788177598681
WATCH,SESSION_20260831_173011_993C_WATCH.csv,SESSION_20260831_173011_993C,WALKING,NORMAL,TRAIN,4533,30.277,1788177611550,1788177641827
WATCH,SESSION_20260831_173055_5498_WATCH.csv,SESSION_20260831_173055_5498,WALKING,NORMAL,TRAIN,3495,23.341,1788177655681,1788177679022
WATCH,SESSION_20260831_173126_6EC4_WATCH.csv,SESSION_20260831_173126_6EC4,WALKING,NORMAL,TRAIN,4335,28.956,1788177686917,1788177715873
WATCH,SESSION_20260831_173158_6335_WATCH.csv,SESSION_20260831_173158_6335,WALKING,NORMAL,TRAIN,4164,27.815,1788177718916,1788177746731
WATCH,SESSION_20260831_173238_97EA_WATCH.csv,SESSION_20260831_173238_97EA,WALKING,NORMAL,TRAIN,4435,29.649,1788177758276,1788177787925
WATCH,SESSION_20260831_173312_A01F_WATCH.csv,SESSION_20260831_173312_A01F,WALKING,NORMAL,TRAIN,4560,30.467,1788177792372,1788177822839
WATCH,SESSION_20260831_173437_76EF_WATCH.csv,SESSION_20260831_173437_76EF,WALKING,NORMAL,TRAIN,3063,20.243,1788177878035,1788177898278
WATCH,SESSION_20260831_173529_6FDA_WATCH.csv,SESSION_20260831_173529_6FDA,WALKING,NORMAL,TRAIN,4358,29.116,1788177929202,1788177958318
WATCH,SESSION_20260831_173602_2220_WATCH.csv,SESSION_20260831_173602_2220,WALKING,NORMAL,TRAIN,5364,35.799,1788177962990,1788177998789
WATCH,SESSION_20260831_173653_8267_WATCH.csv,SESSION_20260831_173653_8267,WALKING,NORMAL,TRAIN,4125,27.56,1788178013448,1788178041008
WATCH,SESSION_20260831_173759_42E9_WATCH.csv,SESSION_20260831_173759_42E9,WALKING,NORMAL,TRAIN,4407,29.45,1788178078422,1788178107872
WATCH,SESSION_20260831_173836_E760_WATCH.csv,SESSION_20260831_173836_E760,WALKING,NORMAL,TRAIN,4649,31.082,1788178116071,1788178147153
WATCH,SESSION_20260831_173948_2EFE_WATCH.csv,SESSION_20260831_173948_2EFE,RUNNING,NORMAL,TRAIN,3465,23.151,1788178188355,1788178211506
WATCH,SESSION_20260831_174019_CCFC_WATCH.csv,SESSION_20260831_174019_CCFC,RUNNING,NORMAL,TRAIN,3541,23.302,1788178219501,1788178242803
WATCH,SESSION_20260831_174810_FB21_WATCH.csv,SESSION_20260831_174810_FB21,RUNNING,NORMAL,TRAIN,4359,29.107,1788178690457,1788178719564
WATCH,SESSION_20260831_174908_83BF_WATCH.csv,SESSION_20260831_174908_83BF,RUNNING,NORMAL,TRAIN,3315,22.134,1788178748488,1788178770622
WATCH,SESSION_20260831_175103_BD56_WATCH.csv,SESSION_20260831_175103_BD56,RUNNING,NORMAL,TRAIN,4143,27.666,1788178863527,1788178891193
WATCH,SESSION_20260831_175147_6548_WATCH.csv,SESSION_20260831_175147_6548,RUNNING,NORMAL,TRAIN,5028,33.583,1788178907176,1788178940759
WATCH,SESSION_20260831_175235_70F6_WATCH.csv,SESSION_20260831_175235_70F6,RUNNING,NORMAL,TRAIN,4536,30.298,1788178955761,1788178986059
WATCH,SESSION_20260831_175423_7BD4_WATCH.csv,SESSION_20260831_175423_7BD4,RUNNING,NORMAL,TRAIN,5491,36.706,1788179063277,1788179099983
WATCH,SESSION_20260831_175512_AB17_WATCH.csv,SESSION_20260831_175512_AB17,RUNNING,NORMAL,TRAIN,5010,33.473,1788179112369,1788179145842
WATCH,SESSION_20260831_175637_A348_WATCH.csv,SESSION_20260831_175637_A348,RUNNING,NORMAL,TRAIN,6587,52.86,1788179197181,1788179250041
WATCH,SESSION_20260831_175834_C5EB_WATCH.csv,SESSION_20260831_175834_C5EB,RUNNING,NORMAL,TRAIN,6034,43.859,1788179314443,1788179358302
WATCH,SESSION_20260831_180150_82B1_WATCH.csv,SESSION_20260831_180150_82B1,RUNNING,NORMAL,TRAIN,2163,14.433,1788179510493,1788179524926
WATCH,SESSION_20260831_180223_B897_WATCH.csv,SESSION_20260831_180223_B897,RUNNING,NORMAL,TRAIN,3747,25.022,1788179543554,1788179568576
WATCH,SESSION_20260831_181754_ADAA_WATCH.csv,SESSION_20260831_181754_ADAA,LYING_DOWN,NORMAL,TRAIN,8394,56.093,1788180474044,1788180530137
WATCH,SESSION_20260831_181908_5D62_WATCH.csv,SESSION_20260831_181908_5D62,LYING_DOWN,NORMAL,TRAIN,6153,41.104,1788180548406,1788180589510
WATCH,SESSION_20260831_182016_B2A2_WATCH.csv,SESSION_20260831_182016_B2A2,LYING_DOWN,NORMAL,TRAIN,5631,37.612,1788180616755,1788180654367
WATCH,SESSION_20260831_183247_BA48_WATCH.csv,SESSION_20260831_183247_BA48,LYING_DOWN,NORMAL,TRAIN,7494,50.049,1788181367898,1788181417947
WATCH,SESSION_20260831_183346_8A57_WATCH.csv,SESSION_20260831_183346_8A57,LYING_DOWN,NORMAL,TRAIN,6671,44.573,1788181426233,1788181470806
WATCH,SESSION_20260831_183444_5C35_WATCH.csv,SESSION_20260831_183444_5C35,LYING_DOWN,NORMAL,TRAIN,5390,36.015,1788181484315,1788181520330
WATCH,SESSION_20260831_183631_A4F6_WATCH.csv,SESSION_20260831_183631_A4F6,LYING_DOWN,NORMAL,TRAIN,7020,46.916,1788181591157,1788181638073
WATCH,SESSION_20260831_183945_DF57_WATCH.csv,SESSION_20260831_183945_DF57,JUMPING,NORMAL,TRAIN,1671,11.147,1788181785855,1788181797002
WATCH,SESSION_20260831_184006_7A09_WATCH.csv,SESSION_20260831_184006_7A09,JUMPING,NORMAL,TRAIN,1568,10.469,1788181806396,1788181816865
WATCH,SESSION_20260831_184042_4EAB_WATCH.csv,SESSION_20260831_184042_4EAB,JUMPING,NORMAL,TRAIN,1756,11.729,1788181842093,1788181853822
WATCH,SESSION_20260831_184103_31CF_WATCH.csv,SESSION_20260831_184103_31CF,JUMPING,NORMAL,TRAIN,1860,12.411,1788181863992,1788181876403
WATCH,SESSION_20260831_184122_7DB9_WATCH.csv,SESSION_20260831_184122_7DB9,JUMPING,NORMAL,TRAIN,2037,13.604,1788181881756,1788181895360
WATCH,SESSION_20260831_184143_D6B4_WATCH.csv,SESSION_20260831_184143_D6B4,JUMPING,NORMAL,TRAIN,1816,12.138,1788181903393,1788181915531
WATCH,SESSION_20260831_184201_9924_WATCH.csv,SESSION_20260831_184201_9924,JUMPING,NORMAL,TRAIN,1902,12.7,1788181921579,1788181934279
WATCH,SESSION_20260831_184237_E6D6_WATCH.csv,SESSION_20260831_184237_E6D6,JUMPING,NORMAL,TRAIN,2053,13.714,1788181957372,1788181971086
WATCH,SESSION_20260831_184408_0CDA_WATCH.csv,SESSION_20260831_184408_0CDA,JUMPING,NORMAL,TRAIN,2217,14.8,1788182047856,1788182062656
WATCH,SESSION_20260831_184427_ECA5_WATCH.csv,SESSION_20260831_184427_ECA5,JUMPING,NORMAL,TRAIN,1734,11.571,1788182067623,1788182079194
WATCH,SESSION_20260831_184445_32CC_WATCH.csv,SESSION_20260831_184445_32CC,JUMPING,NORMAL,TRAIN,2313,15.439,1788182085099,1788182100538
WATCH,SESSION_20260831_184523_0FFF_WATCH.csv,SESSION_20260831_184523_0FFF,JUMPING,NORMAL,TRAIN,2064,13.775,1788182123699,1788182137474
WATCH,SESSION_20260831_184542_5360_WATCH.csv,SESSION_20260831_184542_5360,JUMPING,NORMAL,TRAIN,1824,12.037,1788182142569,1788182154606
WATCH,SESSION_20260831_184559_71DB_WATCH.csv,SESSION_20260831_184559_71DB,JUMPING,NORMAL,TRAIN,1896,12.656,1788182159217,1788182171873
WATCH,SESSION_20260831_184649_0CC5_WATCH.csv,SESSION_20260831_184649_0CC5,SIT_DOWN,NORMAL,TRAIN,525,3.487,1788182209377,1788182212864
WATCH,SESSION_20260831_184658_F22A_WATCH.csv,SESSION_20260831_184658_F22A,SIT_DOWN,NORMAL,TRAIN,654,4.35,1788182218236,1788182222586
WATCH,SESSION_20260831_184732_B0F8_WATCH.csv,SESSION_20260831_184732_B0F8,SIT_DOWN,NORMAL,TRAIN,816,5.433,1788182252124,1788182257557
WATCH,SESSION_20260831_185318_27B2_WATCH.csv,SESSION_20260831_185318_27B2,SIT_DOWN,NORMAL,TRAIN,609,4.046,1788182598094,1788182602140
WATCH,SESSION_20260831_185356_5D86_WATCH.csv,SESSION_20260831_185356_5D86,SIT_DOWN,NORMAL,TRAIN,685,4.568,1788182636733,1788182641301
WATCH,SESSION_20260831_185403_440B_WATCH.csv,SESSION_20260831_185403_440B,SIT_DOWN,NORMAL,TRAIN,734,4.888,1788182643821,1788182648709
WATCH,SESSION_20260831_185421_32CF_WATCH.csv,SESSION_20260831_185421_32CF,SIT_DOWN,NORMAL,TRAIN,632,4.225,1788182661365,1788182665590
WATCH,SESSION_20260831_185442_7228_WATCH.csv,SESSION_20260831_185442_7228,SIT_DOWN,NORMAL,TRAIN,1262,8.402,1788182682989,1788182691391
WATCH,SESSION_20260831_185458_FA00_WATCH.csv,SESSION_20260831_185458_FA00,SIT_DOWN,NORMAL,TRAIN,1079,7.193,1788182697950,1788182705143
WATCH,SESSION_20260831_185924_B416_WATCH.csv,SESSION_20260831_185924_B416,SIT_DOWN,NORMAL,TRAIN,1167,7.772,1788182965013,1788182972785
WATCH,SESSION_20260831_190029_489A_WATCH.csv,SESSION_20260831_190029_489A,STAND_UP,NORMAL,TRAIN,789,5.252,1788183029538,1788183034790
WATCH,SESSION_20260831_190038_3ACC_WATCH.csv,SESSION_20260831_190038_3ACC,STAND_UP,NORMAL,TRAIN,775,5.017,1788183039178,1788183044195
WATCH,SESSION_20260831_190050_0EEF_WATCH.csv,SESSION_20260831_190050_0EEF,STAND_UP,NORMAL,TRAIN,840,5.591,1788183050052,1788183055643
WATCH,SESSION_20260831_190232_89EC_WATCH.csv,SESSION_20260831_190232_89EC,STAND_UP,NORMAL,TRAIN,778,5.193,1788183152515,1788183157708
WATCH,SESSION_20260831_190253_E408_WATCH.csv,SESSION_20260831_190253_E408,STAND_UP,NORMAL,TRAIN,675,4.49,1788183173405,1788183177895
WATCH,SESSION_20260831_190320_30FA_WATCH.csv,SESSION_20260831_190320_30FA,STAND_UP,NORMAL,TRAIN,703,4.69,1788183200517,1788183205207
WATCH,SESSION_20260831_190340_29E7_WATCH.csv,SESSION_20260831_190340_29E7,STAND_UP,NORMAL,TRAIN,745,4.972,1788183220246,1788183225218
WATCH,SESSION_20260831_190350_DD94_WATCH.csv,SESSION_20260831_190350_DD94,STAND_UP,NORMAL,TRAIN,663,4.412,1788183230100,1788183234512
WATCH,SESSION_20260831_190358_1086_WATCH.csv,SESSION_20260831_190358_1086,STAND_UP,NORMAL,TRAIN,921,6.134,1788183238735,1788183244869
WATCH,SESSION_20260831_190414_8F50_WATCH.csv,SESSION_20260831_190414_8F50,STAND_UP,NORMAL,TRAIN,597,3.968,1788183254578,1788183258546
WATCH,SESSION_20260831_190454_FB67_WATCH.csv,SESSION_20260831_190454_FB67,STAND_UP,NORMAL,TRAIN,1158,7.716,1788183294424,1788183302140
WATCH,SESSION_20260831_190509_9CC0_WATCH.csv,SESSION_20260831_190509_9CC0,STAND_UP,NORMAL,TRAIN,1080,7.195,1788183309607,1788183316802
WATCH,SESSION_20260831_190525_4D37_WATCH.csv,SESSION_20260831_190525_4D37,STAND_UP,NORMAL,TRAIN,821,5.473,1788183325215,1788183330688
WATCH,SESSION_20260831_190536_25B8_WATCH.csv,SESSION_20260831_190536_25B8,STAND_UP,NORMAL,TRAIN,1002,6.557,1788183336393,1788183342950
WATCH,SESSION_20260831_190550_4289_WATCH.csv,SESSION_20260831_190550_4289,STAND_UP,NORMAL,TRAIN,771,5.132,1788183349890,1788183355022
WATCH,SESSION_20260831_190600_DF3E_WATCH.csv,SESSION_20260831_190600_DF3E,STAND_UP,NORMAL,TRAIN,1047,6.973,1788183359731,1788183366704
WATCH,SESSION_20260831_190647_8CEF_WATCH.csv,SESSION_20260831_190647_8CEF,PICKING_UP_OBJECT,NORMAL,TRAIN,990,6.598,1788183407234,1788183413832
WATCH,SESSION_20260831_190706_40C5_WATCH.csv,SESSION_20260831_190706_40C5,PICKING_UP_OBJECT,NORMAL,TRAIN,824,5.492,1788183426250,1788183431742
WATCH,SESSION_20260831_190735_20D6_WATCH.csv,SESSION_20260831_190735_20D6,PICKING_UP_OBJECT,NORMAL,TRAIN,691,4.611,1788183455139,1788183459750
WATCH,SESSION_20260831_190747_F5A0_WATCH.csv,SESSION_20260831_190747_F5A0,PICKING_UP_OBJECT,NORMAL,TRAIN,765,5.092,1788183467092,1788183472184
WATCH,SESSION_20260831_190800_34FE_WATCH.csv,SESSION_20260831_190800_34FE,PICKING_UP_OBJECT,NORMAL,TRAIN,780,5.194,1788183480199,1788183485393
WATCH,SESSION_20260831_190811_174E_WATCH.csv,SESSION_20260831_190811_174E,PICKING_UP_OBJECT,NORMAL,TRAIN,590,3.93,1788183490868,1788183494798
WATCH,SESSION_20260831_190818_EB9D_WATCH.csv,SESSION_20260831_190818_EB9D,PICKING_UP_OBJECT,NORMAL,TRAIN,1152,7.68,1788183498240,1788183505920
WATCH,SESSION_20260831_190828_AE53_WATCH.csv,SESSION_20260831_190828_AE53,PICKING_UP_OBJECT,NORMAL,TRAIN,630,4.19,1788183508201,1788183512391
WATCH,SESSION_20260831_202723_0B37_WATCH.csv,SESSION_20260831_202723_0B37,FALL_FORWARD,FALL,TRAIN,4175,27.883,1788188243765,1788188271648
WATCH,SESSION_20260831_202815_5F50_WATCH.csv,SESSION_20260831_202815_5F50,FALL_FORWARD,FALL,TRAIN,5273,35.241,1788188294814,1788188330055
WATCH,SESSION_20260831_202911_51E2_WATCH.csv,SESSION_20260831_202911_51E2,FALL_FORWARD,FALL,TRAIN,4079,27.253,1788188350532,1788188377785
WATCH,SESSION_20260831_202954_9AEA_WATCH.csv,SESSION_20260831_202954_9AEA,FALL_FORWARD,FALL,TRAIN,5457,36.447,1788188393981,1788188430428
WATCH,SESSION_20260831_223656_CD93_WATCH.csv,SESSION_20260831_223656_CD93,FALL_FORWARD,FALL,TRAIN,4134,27.589,1788196016810,1788196044399
WATCH,SESSION_20260831_223847_A6A4_WATCH.csv,SESSION_20260831_223847_A6A4,FALL_FORWARD,FALL,TRAIN,3458,23.088,1788196127475,1788196150563
WATCH,SESSION_20260831_223951_D9EB_WATCH.csv,SESSION_20260831_223951_D9EB,FALL_FORWARD,FALL,TRAIN,6006,40.106,1788196190768,1788196230874
WATCH,SESSION_20260831_224153_F957_WATCH.csv,SESSION_20260831_224153_F957,FALL_FORWARD,FALL,TRAIN,5232,34.944,1788196313047,1788196347991
WATCH,SESSION_20260831_224340_5B49_WATCH.csv,SESSION_20260831_224340_5B49,FALL_FORWARD,FALL,TRAIN,4482,29.935,1788196420033,1788196449968
WATCH,SESSION_20260831_224430_A114_WATCH.csv,SESSION_20260831_224430_A114,FALL_FORWARD,FALL,TRAIN,3398,22.696,1788196470813,1788196493509
WATCH,SESSION_20260831_225518_CDCA_WATCH.csv,SESSION_20260831_225518_CDCA,FALL_FORWARD,FALL,TRAIN,3552,23.728,1788197118455,1788197142183
WATCH,SESSION_20260831_225556_3FED_WATCH.csv,SESSION_20260831_225556_3FED,FALL_FORWARD,FALL,TRAIN,5801,38.774,1788197155334,1788197194108
WATCH,SESSION_20260831_225646_20C0_WATCH.csv,SESSION_20260831_225646_20C0,FALL_FORWARD,FALL,TRAIN,3777,25.239,1788197206383,1788197231622
WATCH,SESSION_20260831_225730_79DD_WATCH.csv,SESSION_20260831_225730_79DD,FALL_FORWARD,FALL,TRAIN,4279,28.615,1788197249580,1788197278195
WATCH,SESSION_20260831_225815_5041_WATCH.csv,SESSION_20260831_225815_5041,FALL_FORWARD,FALL,TRAIN,3660,24.456,1788197295166,1788197319622
WATCH,SESSION_20260831_230213_4632_WATCH.csv,SESSION_20260831_230213_4632,FALL_FORWARD,FALL,TRAIN,5771,38.568,1788197533652,1788197572220
WATCH,SESSION_20260831_230654_9B27_WATCH.csv,SESSION_20260831_230654_9B27,FALL_FORWARD,FALL,TRAIN,7160,47.841,1788197814700,1788197862541
WATCH,SESSION_20260831_230903_3C1A_WATCH.csv,SESSION_20260831_230903_3C1A,FALL_FORWARD,FALL,TRAIN,342,2.265,1788197943283,1788197945548
WATCH,SESSION_20260831_231226_5815_WATCH.csv,SESSION_20260831_231226_5815,FALL_FORWARD,FALL,TRAIN,5223,34.888,1788198147002,1788198181890
WATCH,SESSION_20260831_231517_49B6_WATCH.csv,SESSION_20260831_231517_49B6,FALL_FORWARD,FALL,TRAIN,5723,38.24,1788198316241,1788198354481
WATCH,SESSION_20260831_231627_7069_WATCH.csv,SESSION_20260831_231627_7069,FALL_FORWARD,FALL,TRAIN,6898,46.099,1788198387792,1788198433891
WATCH,SESSION_20260831_232010_2690_WATCH.csv,SESSION_20260831_232010_2690,FALL_FORWARD,FALL,TRAIN,6357,42.476,1788198610717,1788198653193
WATCH,SESSION_20260831_232623_23E5_WATCH.csv,SESSION_20260831_232623_23E5,FALL_FORWARD,FALL,TRAIN,8448,56.419,1788198983759,1788199040178
WATCH,SESSION_20260831_232938_7658_WATCH.csv,SESSION_20260831_232938_7658,FALL_FORWARD,FALL,TRAIN,18685,124.882,1788199178995,1788199303877
WATCH,SESSION_20260831_233508_66BE_WATCH.csv,SESSION_20260831_233508_66BE,FALL_FORWARD,FALL,TRAIN,11899,79.539,1788199508975,1788199588514
WATCH,SESSION_20260831_234508_2E3D_WATCH.csv,SESSION_20260831_234508_2E3D,FALL_BACKWARD,FALL,TRAIN,5001,33.391,1788200108192,1788200141583
WATCH,SESSION_20260831_234547_7934_WATCH.csv,SESSION_20260831_234547_7934,FALL_BACKWARD,FALL,TRAIN,5436,36.322,1788200147826,1788200184148
WATCH,SESSION_20260831_234638_88CE_WATCH.csv,SESSION_20260831_234638_88CE,FALL_BACKWARD,FALL,TRAIN,4134,27.603,1788200198829,1788200226432
WATCH,SESSION_20260831_235123_1190_WATCH.csv,SESSION_20260831_235123_1190,FALL_BACKWARD,FALL,TRAIN,4761,31.778,1788200483032,1788200514810
WATCH,SESSION_20260831_235217_5553_WATCH.csv,SESSION_20260831_235217_5553,FALL_BACKWARD,FALL,TRAIN,5748,38.37,1788200538009,1788200576379
WATCH,SESSION_20260831_235516_43EF_WATCH.csv,SESSION_20260831_235516_43EF,FALL_BACKWARD,FALL,TRAIN,3525,23.53,1788200716524,1788200740054
WATCH,SESSION_20260831_235611_88DB_WATCH.csv,SESSION_20260831_235611_88DB,FALL_LEFT,FALL,TRAIN,2234,14.906,1788200771394,1788200786300
WATCH,SESSION_20260831_235632_B781_WATCH.csv,SESSION_20260831_235632_B781,FALL_LEFT,FALL,TRAIN,3330,22.033,1788200793151,1788200815184
WATCH,SESSION_20260831_235703_14FA_WATCH.csv,SESSION_20260831_235703_14FA,FALL_LEFT,FALL,TRAIN,2361,15.747,1788200823724,1788200839471
WATCH,SESSION_20260831_235736_E369_WATCH.csv,SESSION_20260831_235736_E369,FALL_LEFT,FALL,TRAIN,4090,27.313,1788200856730,1788200884043
WATCH,SESSION_20260831_235815_07F5_WATCH.csv,SESSION_20260831_235815_07F5,FALL_LEFT,FALL,TRAIN,3822,25.212,1788200896011,1788200921223
WATCH,SESSION_20260831_235915_9E04_WATCH.csv,SESSION_20260831_235915_9E04,FALL_LEFT,FALL,TRAIN,5151,34.426,1788200955258,1788200989684
WATCH,SESSION_20260831_235958_1EA4_WATCH.csv,SESSION_20260831_235958_1EA4,FALL_LEFT,FALL,TRAIN,5951,39.772,1788200998262,1788201038034
WATCH,SESSION_20260901_000047_CDCE_WATCH.csv,SESSION_20260901_000047_CDCE,FALL_LEFT,FALL,TRAIN,5165,34.513,1788201046848,1788201081361
WATCH,SESSION_20260901_000346_F56E_WATCH.csv,SESSION_20260901_000346_F56E,FALL_LEFT,FALL,TRAIN,2421,16.161,1788201226736,1788201242897
WATCH,SESSION_20260901_000456_B083_WATCH.csv,SESSION_20260901_000456_B083,FALL_LEFT,FALL,TRAIN,9655,66.68,1788201297016,1788201363696
WATCH,SESSION_20260901_000658_F11B_WATCH.csv,SESSION_20260901_000658_F11B,FALL_LEFT,FALL,TRAIN,2937,82.801,1788201418414,1788201501215
WATCH,SESSION_20260901_001014_46EA_WATCH.csv,SESSION_20260901_001014_46EA,FALL_LEFT,FALL,TRAIN,9242,61.751,1788201613865,1788201675616
WATCH,SESSION_20260901_001400_A924_WATCH.csv,SESSION_20260901_001400_A924,FALL_LEFT,FALL,TRAIN,7360,49.193,1788201840513,1788201889706
WATCH,SESSION_20260901_001721_C425_WATCH.csv,SESSION_20260901_001721_C425,FALL_LEFT,FALL,TRAIN,1835,12.244,1788202041691,1788202053935
WATCH,SESSION_20260901_001825_C01A_WATCH.csv,SESSION_20260901_001825_C01A,FALL_LEFT,FALL,TRAIN,10011,66.881,1788202105035,1788202171916
WATCH,SESSION_20260901_002244_614C_WATCH.csv,SESSION_20260901_002244_614C,FALL_LEFT,FALL,TRAIN,3672,24.528,1788202364215,1788202388743
WATCH,SESSION_20260901_002355_448D_WATCH.csv,SESSION_20260901_002355_448D,FALL_LEFT,FALL,TRAIN,5335,35.659,1788202434952,1788202470611
WATCH,SESSION_20260901_002451_78ED_WATCH.csv,SESSION_20260901_002451_78ED,FALL_LEFT,FALL,TRAIN,6398,42.77,1788202491092,1788202533862
WATCH,SESSION_20260901_002624_BDCF_WATCH.csv,SESSION_20260901_002624_BDCF,FALL_RIGHT,FALL,TRAIN,2205,14.722,1788202584794,1788202599516
WATCH,SESSION_20260901_002641_B559_WATCH.csv,SESSION_20260901_002641_B559,FALL_RIGHT,FALL,TRAIN,618,4.111,1788202601438,1788202605549
WATCH,SESSION_20260901_002722_33F1_WATCH.csv,SESSION_20260901_002722_33F1,FALL_RIGHT,FALL,TRAIN,4005,26.765,1788202642094,1788202668859
WATCH,SESSION_20260901_002804_2557_WATCH.csv,SESSION_20260901_002804_2557,FALL_RIGHT,FALL,TRAIN,3123,20.859,1788202684133,1788202704992
WATCH,SESSION_20260901_002847_ED9E_WATCH.csv,SESSION_20260901_002847_ED9E,FALL_RIGHT,FALL,TRAIN,3547,23.711,1788202727888,1788202751599
WATCH,SESSION_20260901_002919_D4E0_WATCH.csv,SESSION_20260901_002919_D4E0,FALL_RIGHT,FALL,TRAIN,3294,22.003,1788202759708,1788202781711
WATCH,SESSION_20260901_002947_BF3E_WATCH.csv,SESSION_20260901_002947_BF3E,FALL_RIGHT,FALL,TRAIN,3515,23.489,1788202787853,1788202811342
WATCH,SESSION_20260901_003102_C2AF_WATCH.csv,SESSION_20260901_003102_C2AF,FALL_RIGHT,FALL,TRAIN,2535,16.927,1788202862476,1788202879403
WATCH,SESSION_20260901_003131_F831_WATCH.csv,SESSION_20260901_003131_F831,FALL_RIGHT,FALL,TRAIN,2381,15.431,1788202891901,1788202907332
WATCH,SESSION_20260901_003157_A141_WATCH.csv,SESSION_20260901_003157_A141,FALL_RIGHT,FALL,TRAIN,2498,16.685,1788202917281,1788202933966
WATCH,SESSION_20260901_003720_1A6D_WATCH.csv,SESSION_20260901_003720_1A6D,STANDING,NORMAL,TRAIN,2551,17.037,1788203240155,1788203257192
WATCH,SESSION_20260901_003748_F731_WATCH.csv,SESSION_20260901_003748_F731,STANDING,NORMAL,TRAIN,2247,14.798,1788203268762,1788203283560
WATCH,SESSION_20260901_003856_3D01_WATCH.csv,SESSION_20260901_003856_3D01,STANDING,NORMAL,TRAIN,3528,23.543,1788203336493,1788203360036
WATCH,SESSION_20260901_003959_6111_WATCH.csv,SESSION_20260901_003959_6111,STANDING,NORMAL,TRAIN,2698,18.015,1788203399094,1788203417109
WATCH,SESSION_20260901_004123_A04C_WATCH.csv,SESSION_20260901_004123_A04C,STANDING,NORMAL,TRAIN,2700,18.021,1788203482945,1788203500966
WATCH,SESSION_20260901_004151_74A3_WATCH.csv,SESSION_20260901_004151_74A3,STANDING,NORMAL,TRAIN,2696,18.003,1788203510247,1788203528250
PHONE,SESSION_20260831_130618_E3A0_MOBILE.csv,SESSION_20260831_130618_E3A0,SITTING,NORMAL,TRAIN,1172,36.36,1788161764946,1788161801306
PHONE,SESSION_20260831_130655_4D60_MOBILE.csv,SESSION_20260831_130655_4D60,SITTING,NORMAL,TRAIN,2787,42.6,1788161801306,1788161843906
PHONE,SESSION_20260831_130733_B21B_MOBILE.csv,SESSION_20260831_130733_B21B,SITTING,NORMAL,TRAIN,10124,81.608,1788161843906,1788161925514
PHONE,SESSION_20260831_131244_7E37_MOBILE.csv,SESSION_20260831_131244_7E37,SITTING,NORMAL,TRAIN,9880,301.542,1788162047365,1788162348907
PHONE,SESSION_20260831_132747_E109_MOBILE.csv,SESSION_20260831_132747_E109,SITTING,NORMAL,TRAIN,3041,62.186,1788163062571,1788163124757
PHONE,SESSION_20260831_132930_4FA6_MOBILE.csv,SESSION_20260831_132930_4FA6,SITTING,NORMAL,TRAIN,3028,100.613,1788163124757,1788163225370
PHONE,SESSION_20260831_133331_D248_MOBILE.csv,SESSION_20260831_133331_D248,SITTING,NORMAL,TRAIN,3039,134.954,1788163333493,1788163468447
PHONE,SESSION_20260831_133500_7989_MOBILE.csv,SESSION_20260831_133500_7989,SITTING,NORMAL,TRAIN,1494,36.699,1788163492185,1788163528884
PHONE,SESSION_20260831_133534_9456_MOBILE.csv,SESSION_20260831_133534_9456,SITTING,NORMAL,TRAIN,1904,41.056,1788163528884,1788163569940
PHONE,SESSION_20260831_133616_C29C_MOBILE.csv,SESSION_20260831_133616_C29C,SITTING,NORMAL,TRAIN,1642,36.528,1788163569940,1788163606468
PHONE,SESSION_20260831_133655_5F68_MOBILE.csv,SESSION_20260831_133655_5F68,SITTING,NORMAL,TRAIN,964,26.738,1788163606468,1788163633206
PHONE,SESSION_20260831_133724_4E9F_MOBILE.csv,SESSION_20260831_133724_4E9F,SITTING,NORMAL,TRAIN,1496,38.472,1788163633206,1788163671678
PHONE,SESSION_20260831_133801_7D4D_MOBILE.csv,SESSION_20260831_133801_7D4D,SITTING,NORMAL,TRAIN,714,24.23,1788163671678,1788163695908
PHONE,SESSION_20260831_133817_ED14_MOBILE.csv,SESSION_20260831_133817_ED14,SITTING,NORMAL,TRAIN,49,1.219,1788163697686,1788163698905
PHONE,SESSION_20260831_133820_62C3_MOBILE.csv,SESSION_20260831_133820_62C3,SITTING,NORMAL,TRAIN,330,6.926,1788163700489,1788163707415
PHONE,SESSION_20260831_133836_EB11_MOBILE.csv,SESSION_20260831_133836_EB11,SITTING,NORMAL,TRAIN,1348,33.871,1788163707415,1788163741286
PHONE,SESSION_20260831_133922_BC01_MOBILE.csv,SESSION_20260831_133922_BC01,SITTING,NORMAL,TRAIN,1592,49.374,1788163742324,1788163791698
PHONE,SESSION_20260831_162745_0D6D_MOBILE.csv,SESSION_20260831_162745_0D6D,WALKING,NORMAL,TRAIN,1778,41.289,1788173851566,1788173892855
PHONE,SESSION_20260831_162817_CC61_MOBILE.csv,SESSION_20260831_162817_CC61,WALKING,NORMAL,TRAIN,1819,38.561,1788173892855,1788173931416
PHONE,SESSION_20260831_162935_265D_MOBILE.csv,SESSION_20260831_162935_265D,WALKING,NORMAL,TRAIN,1759,39.657,1788173968877,1788174008534
PHONE,SESSION_20260831_163101_114B_MOBILE.csv,SESSION_20260831_163101_114B,SITTING,NORMAL,TRAIN,2027,45.318,1788174053984,1788174099302
PHONE,SESSION_20260831_163400_621C_MOBILE.csv,SESSION_20260831_163400_621C,STANDING,NORMAL,TRAIN,1635,171.018,1788174099302,1788174270320
PHONE,SESSION_20260831_163438_3721_MOBILE.csv,SESSION_20260831_163438_3721,STANDING,NORMAL,TRAIN,2037,46.134,1788174270320,1788174316454
PHONE,SESSION_20260831_163608_E73D_MOBILE.csv,SESSION_20260831_163608_E73D,STANDING,NORMAL,TRAIN,2090,45.737,1788174360314,1788174406051
PHONE,SESSION_20260831_163647_ACF1_MOBILE.csv,SESSION_20260831_163647_ACF1,STANDING,NORMAL,TRAIN,2103,39.148,1788174406051,1788174445199
PHONE,SESSION_20260831_163731_FEC3_MOBILE.csv,SESSION_20260831_163731_FEC3,STANDING,NORMAL,TRAIN,2148,45.243,1788174445199,1788174490442
PHONE,SESSION_20260831_163816_B930_MOBILE.csv,SESSION_20260831_163816_B930,STANDING,NORMAL,TRAIN,2237,45.582,1788174490442,1788174536024
PHONE,SESSION_20260831_164303_9A46_MOBILE.csv,SESSION_20260831_164303_9A46,STANDING,NORMAL,TRAIN,1970,38.452,1788174779866,1788174818318
PHONE,SESSION_20260831_171625_1679_MOBILE.csv,SESSION_20260831_171625_1679,STANDING,NORMAL,TRAIN,2022,39.017,1788176783785,1788176822802
PHONE,SESSION_20260831_171705_829A_MOBILE.csv,SESSION_20260831_171705_829A,STANDING,NORMAL,TRAIN,2018,39.724,1788176822802,1788176862526
PHONE,SESSION_20260831_171826_A8E0_MOBILE.csv,SESSION_20260831_171826_A8E0,STANDING,NORMAL,TRAIN,2148,43.599,1788176903004,1788176946603
PHONE,SESSION_20260831_171909_4D4F_MOBILE.csv,SESSION_20260831_171909_4D4F,STANDING,NORMAL,TRAIN,2019,40.102,1788176946603,1788176986705
PHONE,SESSION_20260831_172822_3AE6_MOBILE.csv,SESSION_20260831_172822_3AE6,WALKING,NORMAL,TRAIN,3267,41.653,1788177484168,1788177525821
PHONE,SESSION_20260831_173011_0CB8_MOBILE.csv,SESSION_20260831_173011_0CB8,WALKING,NORMAL,TRAIN,4449,43.201,1788177600264,1788177643465
PHONE,SESSION_20260831_173055_76D2_MOBILE.csv,SESSION_20260831_173055_76D2,WALKING,NORMAL,TRAIN,3501,37.023,1788177643465,1788177680488
PHONE,SESSION_20260831_173129_7B6F_MOBILE.csv,SESSION_20260831_173129_7B6F,WALKING,NORMAL,TRAIN,2520,26.87,1788177680488,1788177707358
PHONE,SESSION_20260831_173200_B2E0_MOBILE.csv,SESSION_20260831_173200_B2E0,WALKING,NORMAL,TRAIN,3835,39.917,1788177707358,1788177747275
PHONE,SESSION_20260831_173316_C862_MOBILE.csv,SESSION_20260831_173316_C862,WALKING,NORMAL,TRAIN,3873,35.457,1788177788262,1788177823719
PHONE,SESSION_20260831_173402_9AE3_MOBILE.csv,SESSION_20260831_173402_9AE3,WALKING,NORMAL,TRAIN,4629,51.539,1788177823719,1788177875258
PHONE,SESSION_20260831_173438_7475_MOBILE.csv,SESSION_20260831_173438_7475,WALKING,NORMAL,TRAIN,3346,26.829,1788177875258,1788177902087
PHONE,SESSION_20260831_173503_BD91_MOBILE.csv,SESSION_20260831_173503_BD91,WALKING,NORMAL,TRAIN,3491,26.441,1788177902087,1788177928528
PHONE,SESSION_20260831_173603_C4E6_MOBILE.csv,SESSION_20260831_173603_C4E6,WALKING,NORMAL,TRAIN,5237,40.662,1788177959705,1788178000367
PHONE,SESSION_20260831_173725_6305_MOBILE.csv,SESSION_20260831_173725_6305,WALKING,NORMAL,TRAIN,4284,39.656,1788178036450,1788178076106
PHONE,SESSION_20260831_173759_CBDB_MOBILE.csv,SESSION_20260831_173759_CBDB,WALKING,NORMAL,TRAIN,4250,33.301,1788178076106,1788178109407
PHONE,SESSION_20260831_173948_41F3_MOBILE.csv,SESSION_20260831_173948_41F3,RUNNING,NORMAL,TRAIN,3438,64.196,1788178148661,1788178212857
PHONE,SESSION_20260831_174019_9A43_MOBILE.csv,SESSION_20260831_174019_9A43,RUNNING,NORMAL,TRAIN,3565,31.648,1788178212857,1788178244505
PHONE,SESSION_20260831_174813_E29D_MOBILE.csv,SESSION_20260831_174813_E29D,RUNNING,NORMAL,TRAIN,3982,478.783,1788178244505,1788178723288
PHONE,SESSION_20260831_174939_A166_MOBILE.csv,SESSION_20260831_174939_A166,RUNNING,NORMAL,TRAIN,3939,35.765,1788178771931,1788178807696
PHONE,SESSION_20260831_175018_4160_MOBILE.csv,SESSION_20260831_175018_4160,RUNNING,NORMAL,TRAIN,4541,43.657,1788178807696,1788178851353
PHONE,SESSION_20260831_175104_D252_MOBILE.csv,SESSION_20260831_175104_D252,RUNNING,NORMAL,TRAIN,3813,40.636,1788178851353,1788178891989
PHONE,SESSION_20260831_175236_CCF1_MOBILE.csv,SESSION_20260831_175236_CCF1,RUNNING,NORMAL,TRAIN,4249,44.603,1788178942192,1788178986795
PHONE,SESSION_20260831_175323_79F2_MOBILE.csv,SESSION_20260831_175323_79F2,RUNNING,NORMAL,TRAIN,4432,48.214,1788178986795,1788179035009
PHONE,SESSION_20260831_175422_CCD1_MOBILE.csv,SESSION_20260831_175422_CCD1,RUNNING,NORMAL,TRAIN,5342,65.946,1788179035009,1788179100955
PHONE,SESSION_20260831_175513_BF00_MOBILE.csv,SESSION_20260831_175513_BF00,RUNNING,NORMAL,TRAIN,4802,46.441,1788179100955,1788179147396
PHONE,SESSION_20260831_175638_9F27_MOBILE.csv,SESSION_20260831_175638_9F27,RUNNING,NORMAL,TRAIN,7354,59.807,1788179191353,1788179251160
PHONE,SESSION_20260831_175745_A4F9_MOBILE.csv,SESSION_20260831_175745_A4F9,RUNNING,NORMAL,TRAIN,5117,50.456,1788179251160,1788179301616
PHONE,SESSION_20260831_175836_DFD1_MOBILE.csv,SESSION_20260831_175836_DFD1,RUNNING,NORMAL,TRAIN,4574,47.255,1788179301616,1788179348871
PHONE,SESSION_20260831_181515_7B5A_MOBILE.csv,SESSION_20260831_181515_7B5A,LYING_DOWN,NORMAL,TRAIN,3537,811.225,1788179570109,1788180381334
PHONE,SESSION_20260831_181627_ECC6_MOBILE.csv,SESSION_20260831_181627_ECC6,LYING_DOWN,NORMAL,TRAIN,4031,81.876,1788180381334,1788180463210
PHONE,SESSION_20260831_181907_7A5B_MOBILE.csv,SESSION_20260831_181907_7A5B,LYING_DOWN,NORMAL,TRAIN,3696,68.049,1788180546351,1788180614400
PHONE,SESSION_20260831_182015_F13A_MOBILE.csv,SESSION_20260831_182015_F13A,LYING_DOWN,NORMAL,TRAIN,2821,51.549,1788180614400,1788180665949
PHONE,SESSION_20260831_182107_9D40_MOBILE.csv,SESSION_20260831_182107_9D40,LYING_DOWN,NORMAL,TRAIN,2885,53.267,1788180665949,1788180719216
PHONE,SESSION_20260831_183344_57D9_MOBILE.csv,SESSION_20260831_183344_57D9,LYING_DOWN,NORMAL,TRAIN,2695,56.497,1788181418227,1788181474724
PHONE,SESSION_20260831_183443_0583_MOBILE.csv,SESSION_20260831_183443_0583,LYING_DOWN,NORMAL,TRAIN,2152,49.81,1788181474724,1788181524534
PHONE,SESSION_20260831_183531_E647_MOBILE.csv,SESSION_20260831_183531_E647,LYING_DOWN,NORMAL,TRAIN,2685,57.541,1788181524534,1788181582075
PHONE,SESSION_20260831_183630_BC88_MOBILE.csv,SESSION_20260831_183630_BC88,LYING_DOWN,NORMAL,TRAIN,2879,61.741,1788181582075,1788181643816
PHONE,SESSION_20260831_183726_9F2C_MOBILE.csv,SESSION_20260831_183726_9F2C,LYING_DOWN,NORMAL,TRAIN,4105,80.203,1788181643816,1788181724019
PHONE,SESSION_20260831_184005_F157_MOBILE.csv,SESSION_20260831_184005_F157,JUMPING,NORMAL,TRAIN,609,19.707,1788181797830,1788181817537
PHONE,SESSION_20260831_184024_7FED_MOBILE.csv,SESSION_20260831_184024_7FED,JUMPING,NORMAL,TRAIN,686,19.925,1788181817537,1788181837462
PHONE,SESSION_20260831_184043_A8B1_MOBILE.csv,SESSION_20260831_184043_A8B1,JUMPING,NORMAL,TRAIN,660,17.733,1788181837462,1788181855195
PHONE,SESSION_20260831_184102_23B5_MOBILE.csv,SESSION_20260831_184102_23B5,JUMPING,NORMAL,TRAIN,815,22.512,1788181855195,1788181877707
PHONE,SESSION_20260831_184122_DE8B_MOBILE.csv,SESSION_20260831_184122_DE8B,JUMPING,NORMAL,TRAIN,771,19.116,1788181877707,1788181896823
PHONE,SESSION_20260831_184201_760C_MOBILE.csv,SESSION_20260831_184201_760C,JUMPING,NORMAL,TRAIN,714,18.797,1788181916478,1788181935275
PHONE,SESSION_20260831_184220_D822_MOBILE.csv,SESSION_20260831_184220_D822,JUMPING,NORMAL,TRAIN,714,18.037,1788181935275,1788181953312
PHONE,SESSION_20260831_184307_3599_MOBILE.csv,SESSION_20260831_184307_3599,JUMPING,NORMAL,TRAIN,1009,33.537,1788181972768,1788182006305
PHONE,SESSION_20260831_184331_B032_MOBILE.csv,SESSION_20260831_184331_B032,JUMPING,NORMAL,TRAIN,649,17.496,1788182006305,1788182023801
PHONE,SESSION_20260831_184348_7FA7_MOBILE.csv,SESSION_20260831_184348_7FA7,JUMPING,NORMAL,TRAIN,849,20.237,1788182023801,1788182044038
PHONE,SESSION_20260831_184445_1B9C_MOBILE.csv,SESSION_20260831_184445_1B9C,JUMPING,NORMAL,TRAIN,2159,21.328,1788182080190,1788182101518
PHONE,SESSION_20260831_184507_65E6_MOBILE.csv,SESSION_20260831_184507_65E6,JUMPING,NORMAL,TRAIN,1753,18.221,1788182101518,1788182119739
PHONE,SESSION_20260831_184542_C4CE_MOBILE.csv,SESSION_20260831_184542_C4CE,JUMPING,NORMAL,TRAIN,1809,17.213,1788182138545,1788182155758
PHONE,SESSION_20260831_184559_F0EE_MOBILE.csv,SESSION_20260831_184559_F0EE,JUMPING,NORMAL,TRAIN,1897,17.287,1788182155767,1788182173054
PHONE,SESSION_20260831_184646_2A01_MOBILE.csv,SESSION_20260831_184646_2A01,SIT_DOWN,NORMAL,TRAIN,386,35.891,1788182173054,1788182208945
PHONE,SESSION_20260831_184658_0DED_MOBILE.csv,SESSION_20260831_184658_0DED,SIT_DOWN,NORMAL,TRAIN,645,14.149,1788182208945,1788182223094
PHONE,SESSION_20260831_184729_19DD_MOBILE.csv,SESSION_20260831_184729_19DD,SIT_DOWN,NORMAL,TRAIN,1159,34.38,1788182223094,1788182257474
PHONE,SESSION_20260831_185307_C9E6_MOBILE.csv,SESSION_20260831_185307_C9E6,SIT_DOWN,NORMAL,TRAIN,822,10.232,1788182582833,1788182593065
PHONE,SESSION_20260831_185318_C2F9_MOBILE.csv,SESSION_20260831_185318_C2F9,SIT_DOWN,NORMAL,TRAIN,655,10.527,1788182593065,1788182603592
PHONE,SESSION_20260831_185358_065E_MOBILE.csv,SESSION_20260831_185358_065E,SIT_DOWN,NORMAL,TRAIN,665,39.322,1788182603592,1788182642914
PHONE,SESSION_20260831_185412_B229_MOBILE.csv,SESSION_20260831_185412_B229,SIT_DOWN,NORMAL,TRAIN,496,5.836,1788182650480,1788182656316
PHONE,SESSION_20260831_185443_04FB_MOBILE.csv,SESSION_20260831_185443_04FB,SIT_DOWN,NORMAL,TRAIN,1383,25.876,1788182666931,1788182692807
PHONE,SESSION_20260831_185459_8B2B_MOBILE.csv,SESSION_20260831_185459_8B2B,SIT_DOWN,NORMAL,TRAIN,1011,13.685,1788182692807,1788182706492
PHONE,SESSION_20260831_185938_9003_MOBILE.csv,SESSION_20260831_185938_9003,SIT_DOWN,NORMAL,TRAIN,1072,12.221,1788182973896,1788182986117
PHONE,SESSION_20260831_190004_3EA5_MOBILE.csv,SESSION_20260831_190004_3EA5,SIT_DOWN,NORMAL,TRAIN,1271,14.153,1788182999182,1788183013335
PHONE,SESSION_20260831_190018_C3C2_MOBILE.csv,SESSION_20260831_190018_C3C2,SIT_DOWN,NORMAL,TRAIN,797,10.937,1788183013335,1788183024272
PHONE,SESSION_20260831_190029_2894_MOBILE.csv,SESSION_20260831_190029_2894,SIT_DOWN,NORMAL,TRAIN,947,11.691,1788183024272,1788183035963
PHONE,SESSION_20260831_190040_EF4F_MOBILE.csv,SESSION_20260831_190040_EF4F,SIT_DOWN,NORMAL,TRAIN,729,9.633,1788183035963,1788183045596
PHONE,SESSION_20260831_190233_1AD8_MOBILE.csv,SESSION_20260831_190233_1AD8,STAND_UP,NORMAL,TRAIN,683,101.153,1788183057241,1788183158394
PHONE,SESSION_20260831_190319_E4C6_MOBILE.csv,SESSION_20260831_190319_E4C6,STAND_UP,NORMAL,TRAIN,959,13.158,1788183192744,1788183205902
PHONE,SESSION_20260831_190349_D616_MOBILE.csv,SESSION_20260831_190349_D616,STAND_UP,NORMAL,TRAIN,784,9.392,1788183225877,1788183235269
PHONE,SESSION_20260831_190358_DF50_MOBILE.csv,SESSION_20260831_190358_DF50,STAND_UP,NORMAL,TRAIN,778,8.767,1788183235269,1788183244036
PHONE,SESSION_20260831_190413_B561_MOBILE.csv,SESSION_20260831_190413_B561,STAND_UP,NORMAL,TRAIN,788,15.294,1788183244036,1788183259330
PHONE,SESSION_20260831_190454_5522_MOBILE.csv,SESSION_20260831_190454_5522,STAND_UP,NORMAL,TRAIN,1305,44.027,1788183259330,1788183303357
PHONE,SESSION_20260831_190510_953E_MOBILE.csv,SESSION_20260831_190510_953E,STAND_UP,NORMAL,TRAIN,1092,14.696,1788183303357,1788183318053
PHONE,SESSION_20260831_190523_2C44_MOBILE.csv,SESSION_20260831_190523_2C44,STAND_UP,NORMAL,TRAIN,1234,14.016,1788183318053,1788183332069
PHONE,SESSION_20260831_190536_E891_MOBILE.csv,SESSION_20260831_190536_E891,STAND_UP,NORMAL,TRAIN,1000,11.969,1788183332069,1788183344038
PHONE,SESSION_20260831_190549_7234_MOBILE.csv,SESSION_20260831_190549_7234,STAND_UP,NORMAL,TRAIN,928,12.526,1788183344038,1788183356564
PHONE,SESSION_20260831_190601_7F3D_MOBILE.csv,SESSION_20260831_190601_7F3D,STAND_UP,NORMAL,TRAIN,796,10.178,1788183356564,1788183366742
PHONE,SESSION_20260831_190613_5074_MOBILE.csv,SESSION_20260831_190613_5074,STAND_UP,NORMAL,TRAIN,666,11.709,1788183366742,1788183378451
PHONE,SESSION_20260831_190625_9F6E_MOBILE.csv,SESSION_20260831_190625_9F6E,STAND_UP,NORMAL,TRAIN,584,11.073,1788183378451,1788183389524
PHONE,SESSION_20260831_190648_C7C9_MOBILE.csv,SESSION_20260831_190648_C7C9,PICKING_UP_OBJECT,NORMAL,TRAIN,1067,26.095,1788183389524,1788183415619
PHONE,SESSION_20260831_190707_2C76_MOBILE.csv,SESSION_20260831_190707_2C76,PICKING_UP_OBJECT,NORMAL,TRAIN,850,17.681,1788183415619,1788183433300
PHONE,SESSION_20260831_190716_4DFA_MOBILE.csv,SESSION_20260831_190716_4DFA,PICKING_UP_OBJECT,NORMAL,TRAIN,1317,12.401,1788183433300,1788183445701
PHONE,SESSION_20260831_190800_D044_MOBILE.csv,SESSION_20260831_190800_D044,PICKING_UP_OBJECT,NORMAL,TRAIN,982,13.233,1788183473773,1788183487006
PHONE,SESSION_20260831_190811_77A9_MOBILE.csv,SESSION_20260831_190811_77A9,PICKING_UP_OBJECT,NORMAL,TRAIN,746,9.56,1788183487006,1788183496566
PHONE,SESSION_20260831_190830_629B_MOBILE.csv,SESSION_20260831_190830_629B,PICKING_UP_OBJECT,NORMAL,TRAIN,595,6.533,1788183507752,1788183514285
PHONE,SESSION_20260831_202728_7C42_MOBILE.csv,SESSION_20260831_202728_7C42,FALL_FORWARD,FALL,TRAIN,3110,4745.981,1788183524560,1788188270541
PHONE,SESSION_20260831_202953_7159_MOBILE.csv,SESSION_20260831_202953_7159,FALL_FORWARD,FALL,TRAIN,6746,63.509,1788188377610,1788188441119
PHONE,SESSION_20260831_223700_C8CE_MOBILE.csv,SESSION_20260831_223700_C8CE,FALL_FORWARD,FALL,TRAIN,3034,37.071,1788196005088,1788196042159
PHONE,SESSION_20260831_223735_F835_MOBILE.csv,SESSION_20260831_223735_F835,FALL_FORWARD,FALL,TRAIN,5466,51.802,1788196042159,1788196093961
PHONE,SESSION_20260831_223844_D2B3_MOBILE.csv,SESSION_20260831_223844_D2B3,FALL_FORWARD,FALL,TRAIN,3680,56.519,1788196093961,1788196150480
PHONE,SESSION_20260831_223951_2FD8_MOBILE.csv,SESSION_20260831_223951_2FD8,FALL_FORWARD,FALL,TRAIN,6470,86.063,1788196150480,1788196236543
PHONE,SESSION_20260831_224048_9141_MOBILE.csv,SESSION_20260831_224048_9141,FALL_FORWARD,FALL,TRAIN,5661,52.112,1788196236543,1788196288655
PHONE,SESSION_20260831_224242_390B_MOBILE.csv,SESSION_20260831_224242_390B,FALL_FORWARD,FALL,TRAIN,6180,57.456,1788196348287,1788196405743
PHONE,SESSION_20260831_224340_A708_MOBILE.csv,SESSION_20260831_224340_A708,FALL_FORWARD,FALL,TRAIN,5733,54.982,1788196405743,1788196460725
PHONE,SESSION_20260831_225519_C8BE_MOBILE.csv,SESSION_20260831_225519_C8BE,FALL_FORWARD,FALL,TRAIN,3140,648.721,1788196492757,1788197141478
PHONE,SESSION_20260831_225646_6AE0_MOBILE.csv,SESSION_20260831_225646_6AE0,FALL_FORWARD,FALL,TRAIN,4580,43.592,1788197195229,1788197238821
PHONE,SESSION_20260831_225729_CFB5_MOBILE.csv,SESSION_20260831_225729_CFB5,FALL_FORWARD,FALL,TRAIN,4285,39.915,1788197238821,1788197278736
PHONE,SESSION_20260831_225813_E318_MOBILE.csv,SESSION_20260831_225813_E318,FALL_FORWARD,FALL,TRAIN,3785,41.257,1788197278736,1788197319993
PHONE,SESSION_20260831_230016_8691_MOBILE.csv,SESSION_20260831_230016_8691,FALL_FORWARD,FALL,TRAIN,2718,77.896,1788197358028,1788197435924
PHONE,SESSION_20260831_230214_E70F_MOBILE.csv,SESSION_20260831_230214_E70F,FALL_FORWARD,FALL,TRAIN,5358,136.385,1788197435924,1788197572309
PHONE,SESSION_20260831_230904_01BA_MOBILE.csv,SESSION_20260831_230904_01BA,FALL_FORWARD,FALL,TRAIN,5928,123.373,1788197863080,1788197986453
PHONE,SESSION_20260831_231227_8682_MOBILE.csv,SESSION_20260831_231227_8682,FALL_BACKWARD,FALL,TRAIN,4800,195.486,1788197986453,1788198181939
PHONE,SESSION_20260831_231518_CEC8_MOBILE.csv,SESSION_20260831_231518_CEC8,FALL_BACKWARD,FALL,TRAIN,5295,120.307,1788198235306,1788198355613
PHONE,SESSION_20260831_231631_604A_MOBILE.csv,SESSION_20260831_231631_604A,FALL_BACKWARD,FALL,TRAIN,6143,64.223,1788198370935,1788198435158
PHONE,SESSION_20260831_231818_E0B0_MOBILE.csv,SESSION_20260831_231818_E0B0,FALL_BACKWARD,FALL,TRAIN,5061,105.638,1788198435158,1788198540796
PHONE,SESSION_20260831_232153_9634_MOBILE.csv,SESSION_20260831_232153_9634,FALL_BACKWARD,FALL,TRAIN,4956,94.745,1788198654148,1788198748893
PHONE,SESSION_20260831_232627_1B99_MOBILE.csv,SESSION_20260831_232627_1B99,FALL_BACKWARD,FALL,TRAIN,7647,292.476,1788198748893,1788199041369
PHONE,SESSION_20260831_233510_0414_MOBILE.csv,SESSION_20260831_233510_0414,FALL_BACKWARD,FALL,TRAIN,10980,283.149,1788199305414,1788199588563
PHONE,SESSION_20260831_233856_B3A7_MOBILE.csv,SESSION_20260831_233856_B3A7,FALL_BACKWARD,FALL,TRAIN,9632,216.122,1788199588563,1788199804685
PHONE,SESSION_20260831_234508_D126_MOBILE.csv,SESSION_20260831_234508_D126,FALL_BACKWARD,FALL,TRAIN,4599,336.836,1788199804685,1788200141521
PHONE,SESSION_20260831_234547_F203_MOBILE.csv,SESSION_20260831_234547_F203,FALL_BACKWARD,FALL,TRAIN,5094,42.252,1788200141521,1788200183773
PHONE,SESSION_20260831_234639_FFF0_MOBILE.csv,SESSION_20260831_234639_FFF0,FALL_BACKWARD,FALL,TRAIN,3884,43.051,1788200183773,1788200226824
PHONE,SESSION_20260831_234718_56DE_MOBILE.csv,SESSION_20260831_234718_56DE,FALL_BACKWARD,FALL,TRAIN,3738,38.652,1788200226824,1788200265476
PHONE,SESSION_20260831_234805_686E_MOBILE.csv,SESSION_20260831_234805_686E,FALL_BACKWARD,FALL,TRAIN,5432,58.112,1788200265476,1788200323588
PHONE,SESSION_20260831_235124_CFF9_MOBILE.csv,SESSION_20260831_235124_CFF9,FALL_BACKWARD,FALL,TRAIN,4186,190.803,1788200323588,1788200514391
PHONE,SESSION_20260831_235219_70D6_MOBILE.csv,SESSION_20260831_235219_70D6,FALL_BACKWARD,FALL,TRAIN,5251,62.093,1788200514391,1788200576484
PHONE,SESSION_20260831_235428_5E49_MOBILE.csv,SESSION_20260831_235428_5E49,FALL_BACKWARD,FALL,TRAIN,4596,47.581,1788200653610,1788200701191
PHONE,SESSION_20260831_235611_79E7_MOBILE.csv,SESSION_20260831_235611_79E7,FALL_LEFT,FALL,TRAIN,2119,44.96,1788200741162,1788200786122
PHONE,SESSION_20260831_235703_2821_MOBILE.csv,SESSION_20260831_235703_2821,FALL_LEFT,FALL,TRAIN,2262,24.603,1788200815221,1788200839824
PHONE,SESSION_20260831_235848_EE0A_MOBILE.csv,SESSION_20260831_235848_EE0A,FALL_LEFT,FALL,TRAIN,1097,26.288,1788200922507,1788200948795
PHONE,SESSION_20260831_235913_B9E2_MOBILE.csv,SESSION_20260831_235913_B9E2,FALL_LEFT,FALL,TRAIN,33,5.576,1788200948795,1788200954371
PHONE,SESSION_20260831_235916_E71B_MOBILE.csv,SESSION_20260831_235916_E71B,FALL_LEFT,FALL,TRAIN,1796,35.834,1788200954371,1788200990205
PHONE,SESSION_20260901_000343_2ACF_MOBILE.csv,SESSION_20260901_000343_2ACF,FALL_LEFT,FALL,TRAIN,1224,163.975,1788201082466,1788201246441
PHONE,SESSION_20260901_001014_0842_MOBILE.csv,SESSION_20260901_001014_0842,FALL_LEFT,FALL,TRAIN,3307,182.357,1788201493953,1788201676310
PHONE,SESSION_20260901_001401_EF1D_MOBILE.csv,SESSION_20260901_001401_EF1D,FALL_LEFT,FALL,TRAIN,6730,213.336,1788201676310,1788201889646
PHONE,SESSION_20260901_001740_C9D0_MOBILE.csv,SESSION_20260901_001740_C9D0,FALL_LEFT,FALL,TRAIN,151,1.796,1788202060089,1788202061885
PHONE,SESSION_20260901_002219_66DD_MOBILE.csv,SESSION_20260901_002219_66DD,FALL_LEFT,FALL,TRAIN,190,168.475,1788202172781,1788202341256
PHONE,SESSION_20260901_002358_2D35_MOBILE.csv,SESSION_20260901_002358_2D35,FALL_LEFT,FALL,TRAIN,4765,82.393,1788202389687,1788202472080
PHONE,SESSION_20260901_002652_A835_MOBILE.csv,SESSION_20260901_002652_A835,FALL_RIGHT,FALL,TRAIN,2536,29.51,1788202600483,1788202629993
PHONE,SESSION_20260901_002722_B922_MOBILE.csv,SESSION_20260901_002722_B922,FALL_RIGHT,FALL,TRAIN,3787,39.414,1788202629993,1788202669407
PHONE,SESSION_20260901_002848_8C20_MOBILE.csv,SESSION_20260901_002848_8C20,FALL_RIGHT,FALL,TRAIN,3275,46.656,1788202704560,1788202751216
PHONE,SESSION_20260901_002947_B7FD_MOBILE.csv,SESSION_20260901_002947_B7FD,FALL_RIGHT,FALL,TRAIN,3254,28.613,1788202782272,1788202810885
PHONE,SESSION_20260901_003035_D0B2_MOBILE.csv,SESSION_20260901_003035_D0B2,FALL_RIGHT,FALL,TRAIN,2657,43.065,1788202810885,1788202853950
PHONE,SESSION_20260901_003102_B6C0_MOBILE.csv,SESSION_20260901_003102_B6C0,FALL_RIGHT,FALL,TRAIN,2254,24.954,1788202853950,1788202878904
PHONE,SESSION_20260901_003131_4982_MOBILE.csv,SESSION_20260901_003131_4982,FALL_RIGHT,FALL,TRAIN,2248,15.84,1788202891872,1788202907712
PHONE,SESSION_20260901_003234_25A6_MOBILE.csv,SESSION_20260901_003234_25A6,FALL_RIGHT,FALL,TRAIN,2216,36.908,1788202933167,1788202970075
PHONE,SESSION_20260901_003606_5664_MOBILE.csv,SESSION_20260901_003606_5664,FALL_FROM_SITTING,FALL,TRAIN,268,197.876,1788202970075,1788203167951
PHONE,SESSION_20260901_003616_E7D9_MOBILE.csv,SESSION_20260901_003616_E7D9,FALL_FROM_SITTING,FALL,TRAIN,3462,29.426,1788203171997,1788203201423
PHONE,SESSION_20260901_003718_CC7A_MOBILE.csv,SESSION_20260901_003718_CC7A,FALL_FROM_SITTING,FALL,TRAIN,3612,62.874,1788203201423,1788203264297
PHONE,SESSION_20260901_003749_259B_MOBILE.csv,SESSION_20260901_003749_259B,FALL_FROM_SITTING,FALL,TRAIN,2857,27.005,1788203264297,1788203291302
PHONE,SESSION_20260901_003819_87BD_MOBILE.csv,SESSION_20260901_003819_87BD,FALL_FROM_SITTING,FALL,TRAIN,3977,36.152,1788203291302,1788203327454
PHONE,SESSION_20260901_003857_8DFD_MOBILE.csv,SESSION_20260901_003857_8DFD,FALL_FROM_SITTING,FALL,TRAIN,4252,40.239,1788203327454,1788203367693
PHONE,SESSION_20260901_003928_3D0D_MOBILE.csv,SESSION_20260901_003928_3D0D,FALL_FROM_SITTING,FALL,TRAIN,293,2.79,1788203367693,1788203370483
PHONE,SESSION_20260901_003959_82DB_MOBILE.csv,SESSION_20260901_003959_82DB,FALL_FROM_SITTING,FALL,TRAIN,4449,60.192,1788203370483,1788203430675
PHONE,SESSION_20260901_004035_FF16_MOBILE.csv,SESSION_20260901_004035_FF16,FALL_FROM_SITTING,FALL,TRAIN,2642,23.876,1788203430675,1788203454551
PHONE,SESSION_20260901_004122_DBEE_MOBILE.csv,SESSION_20260901_004122_DBEE,FALL_FROM_SITTING,FALL,TRAIN,3375,51.645,1788203454551,1788203506196
