session_id,timestamp,accX,accY,accZ,gyroX,gyroY,gyroZ,pitch,roll,yaw,latitude,longitude,altitude,speed,accuracy,heartRate,spo2,pressure,activity
SESSION_20260901_205752_B498,1788276473010,0.23463176,-0.24899697,9.524135,0.0,0.0,0.0,0.0,0.0,0.0,0.0,0.0,0.0,0.0,0.0,-1.0,0.0,0.0,STANDING
SESSION_20260901_205752_B498,1788276473010,0.23463176,-0.24899697,9.524135,-0.015882496,-0.008552114,-0.004886922,0.0,0.0,0.0,0.0,0.0,0.0,0.0,0.0,-1.0,0.0,0.0,STANDING
SESSION_20260901_205752_B498,1788276473030,0.17717093,-0.24181437,9.512163,-0.015882496,-0.008552114,-0.004886922,0.0,0.0,0.0,0.0,0.0,0.0,0.0,0.0,-1.0,0.0,0.0,STANDING
SESSION_20260901_205752_B498,1788276473030,0.17717093,-0.24181437,9.512163,-0.2687807,0.3933972,-0.31398472,0.0,0.0,0.0,0.0,0.0,0.0,0.0,0.0,-1.0,0.0,0.0,STANDING
SESSION_20260901_205752_B498,1788276473030,0.17717093,-0.24181437,9.512163,-0.2687807,0.3933972,-0.31398472,1.8730634,-1.2108381,-11.407623,0.0,0.0,0.0,0.0,0.0,-1.0,0.0,0.0,STANDING
SESSION_20260901_205752_B498,1788276473050,0.22984336,-0.36391866,9.49301,-0.2687807,0.3933972,-0.31398472,1.8730634,-1.2108381,-11.407623,0.0,0.0,0.0,0.0,0.0,-1.0,0.0,0.0,STANDING
SESSION_20260901_205752_B498,1788276473050,0.22984336,-0.36391866,9.49301,-0.52778757,-0.1881465,0.16249016,1.8730634,-1.2108381,-11.407623,0.0,0.0,0.0,0.0,0.0,-1.0,0.0,0.0,STANDING
SESSION_20260901_205752_B498,1788276473050,0.22984336,-0.36391866,9.49301,-0.52778757,-0.1881465,0.16249016,1.7985331,-1.2186584,-11.011662,0.0,0.0,0.0,0.0,0.0,-1.0,0.0,0.0,STANDING
SESSION_20260901_205752_B498,1788276473070,0.2896984,-0.28491,9.516952,-0.52778757,-0.1881465,0.16249016,1.7985331,-1.2186584,-11.011662,0.0,0.0,0.0,0.0,0.0,-1.0,0.0,0.0,STANDING
SESSION_20260901_205752_B498,1788276473070,0.2896984,-0.28491,9.516952,-0.06963864,-0.03176499,0.019547688,1.7985331,-1.2186584,-11.011662,0.0,0.0,0.0,0.0,0.0,-1.0,0.0,0.0,STANDING
SESSION_20260901_205752_B498,1788276473070,0.2896984,-0.28491,9.516952,-0.06963864,-0.03176499,0.019547688,1.7723795,-1.2713403,-11.182377,0.0,0.0,0.0,0.0,0.0,-1.0,0.0,0.0,STANDING
SESSION_20260901_205752_B498,1788276473090,0.272939,-0.14844051,9.52174,-0.06963864,-0.03176499,0.019547688,1.7723795,-1.2713403,-11.182377,0.0,0.0,0.0,0.0,0.0,-1.0,0.0,0.0,STANDING
SESSION_20260901_205752_B498,1788276473090,0.272939,-0.14844051,9.52174,-0.007330383,-0.0036651916,0.0012217305,1.7723795,-1.2713403,-11.182377,0.0,0.0,0.0,0.0,0.0,-1.0,0.0,0.0,STANDING
SESSION_20260901_205752_B498,1788276473090,0.272939,-0.14844051,9.52174,-0.007330383,-0.0036651916,0.0012217305,1.684477,-1.3448709,-11.191665,0.0,0.0,0.0,0.0,0.0,-1.0,0.0,0.0,STANDING
SESSION_20260901_205752_B498,1788276473110,0.2777274,-0.14844051,9.483433,-0.007330383,-0.0036651916,0.0012217305,1.684477,-1.3448709,-11.191665,0.0,0.0,0.0,0.0,0.0,-1.0,0.0,0.0,STANDING
SESSION_20260901_205752_B498,1788276473110,0.2777274,-0.14844051,9.483433,-0.007330383,-0.002443461,0.0012217305,1.684477,-1.3448709,-11.191665,0.0,0.0,0.0,0.0,0.0,-1.0,0.0,0.0,STANDING
SESSION_20260901_205752_B498,1788276473110,0.2777274,-0.14844051,9.483433,-0.007330383,-0.002443461,0.0012217305,1.7530229,-1.3920634,-11.191676,0.0,0.0,0.0,0.0,0.0,-1.0,0.0,0.0,STANDING
SESSION_20260901_205752_B498,1788276473130,0.17238252,-0.33758244,9.445126,-0.007330383,-0.002443461,0.0012217305,1.7530229,-1.3920634,-11.191676,0.0,0.0,0.0,0.0,0.0,-1.0,0.0,0.0,STANDING
SESSION_20260901_205752_B498,1788276473130,0.17238252,-0.33758244,9.445126,-0.008552114,-0.002443461,0.0012217305,1.7530229,-1.3920634,-11.191676,0.0,0.0,0.0,0.0,0.0,-1.0,0.0,0.0,STANDING
SESSION_20260901_205752_B498,1788276473130,0.17238252,-0.33758244,9.445126,-0.008552114,-0.002443461,0.0012217305,1.6245502,-1.4383804,-11.190956,0.0,0.0,0.0,0.0,0.0,-1.0,0.0,0.0,STANDING
SESSION_20260901_205752_B498,1788276473150,0.29927522,-0.3854665,9.437943,-0.008552114,-0.002443461,0.0012217305,1.6245502,-1.4383804,-11.190956,0.0,0.0,0.0,0.0,0.0,-1.0,0.0,0.0,STANDING
SESSION_20260901_205752_B498,1788276473150,0.29927522,-0.3854665,9.437943,-0.008552114,-0.0012217305,0.0012217305,1.6245502,-1.4383804,-11.190956,0.0,0.0,0.0,0.0,0.0,-1.0,0.0,0.0,STANDING
SESSION_20260901_205752_B498,1788276473150,0.29927522,-0.3854665,9.437943,-0.008552114,-0.0012217305,0.0012217305,1.7321141,-1.4147059,-11.192847,0.0,0.0,0.0,0.0,0.0,-1.0,0.0,0.0,STANDING
SESSION_20260901_205752_B498,1788276473170,0.18195933,-0.32800564,9.476251,-0.008552114,-0.0012217305,0.0012217305,1.7321141,-1.4147059,-11.192847,0.0,0.0,0.0,0.0,0.0,-1.0,0.0,0.0,STANDING
SESSION_20260901_205752_B498,1788276473170,0.18195933,-0.32800564,9.476251,-0.008552114,-0.002443461,0.0012217305,1.7321141,-1.4147059,-11.192847,0.0,0.0,0.0,0.0,0.0,-1.0,0.0,0.0,STANDING
SESSION_20260901_205752_B498,1788276473170,0.18195933,-0.32800564,9.476251,-0.008552114,-0.002443461,0.0012217305,1.8329724,-1.484887,-11.192564,0.0,0.0,0.0,0.0,0.0,-1.0,0.0,0.0,STANDING
SESSION_20260901_205752_B498,1788276473190,0.18435353,-0.34476504,9.500193,-0.008552114,-0.002443461,0.0012217305,1.8329724,-1.484887,-11.192564,0.0,0.0,0.0,0.0,0.0,-1.0,0.0,0.0,STANDING
SESSION_20260901_205752_B498,1788276473190,0.18435353,-0.34476504,9.500193,-0.007330383,-0.0036651916,0.0012217305,1.8329724,-1.484887,-11.192564,0.0,0.0,0.0,0.0,0.0,-1.0,0.0,0.0,STANDING
SESSION_20260901_205752_B498,1788276473190,0.18435353,-0.34476504,9.500193,-0.007330383,-0.0036651916,0.0012217305,1.873688,-1.4076033,-11.196262,0.0,0.0,0.0,0.0,0.0,-1.0,0.0,0.0,STANDING
SESSION_20260901_205752_B498,1788276473210,0.20350714,-0.24181437,9.490616,-0.007330383,-0.0036651916,0.0012217305,1.873688,-1.4076033,-11.196262,0.0,0.0,0.0,0.0,0.0,-1.0,0.0,0.0,STANDING
SESSION_20260901_205752_B498,1788276473210,0.20350714,-0.24181437,9.490616,-0.008552114,-0.0036651916,0.0012217305,1.873688,-1.4076033,-11.196262,0.0,0.0,0.0,0.0,0.0,-1.0,0.0,0.0,STANDING
SESSION_20260901_205752_B498,1788276473210,0.20350714,-0.24181437,9.490616,-0.008552114,-0.0036651916,0.0012217305,1.9249113,-1.3236495,-11.1996765,0.0,0.0,0.0,0.0,0.0,-1.0,0.0,0.0,STANDING
SESSION_20260901_205752_B498,1788276473230,0.15083471,-0.20829555,9.531317,-0.008552114,-0.0036651916,0.0012217305,1.9249113,-1.3236495,-11.1996765,0.0,0.0,0.0,0.0,0.0,-1.0,0.0,0.0,STANDING
SESSION_20260901_205752_B498,1788276473230,0.15083471,-0.20829555,9.531317,-0.008552114,-0.0036651916,0.0012217305,1.9249113,-1.3236495,-11.1996765,0.0,0.0,0.0,0.0,0.0,-1.0,0.0,0.0,STANDING
SESSION_20260901_205752_B498,1788276473230,0.15083471,-0.20829555,9.531317,-0.008552114,-0.0036651916,0.0012217305,1.8456182,-1.2934941,-11.201376,0.0,0.0,0.0,0.0,0.0,-1.0,0.0,0.0,STANDING
SESSION_20260901_205752_B498,1788276473250,0.2657564,-0.2753332,9.49301,-0.008552114,-0.0036651916,0.0012217305,1.8456182,-1.2934941,-11.201376,0.0,0.0,0.0,0.0,0.0,-1.0,0.0,0.0,STANDING
SESSION_20260901_205752_B498,1788276473250,0.2657564,-0.2753332,9.49301,-0.008552114,-0.002443461,0.0,1.8456182,-1.2934941,-11.201376,0.0,0.0,0.0,0.0,0.0,-1.0,0.0,0.0,STANDING
SESSION_20260901_205752_B498,1788276473250,0.2657564,-0.2753332,9.49301,-0.008552114,-0.002443461,0.0,1.7531675,-1.2323651,-11.204536,0.0,0.0,0.0,0.0,0.0,-1.0,0.0,0.0,STANDING
SESSION_20260901_205752_B498,1788276473270,0.30406362,-0.4141969,9.536105,-0.008552114,-0.002443461,0.0,1.7531675,-1.2323651,-11.204536,0.0,0.0,0.0,0.0,0.0,-1.0,0.0,0.0,STANDING
SESSION_20260901_205752_B498,1788276473270,0.30406362,-0.4141969,9.536105,-0.007330383,-0.002443461,0.0,1.7531675,-1.2323651,-11.204536,0.0,0.0,0.0,0.0,0.0,-1.0,0.0,0.0,STANDING
SESSION_20260901_205752_B498,1788276473270,0.30406362,-0.4141969,9.536105,-0.007330383,-0.002443461,0.0,1.8149456,-1.3128324,-11.202665,0.0,0.0,0.0,0.0,0.0,-1.0,0.0,0.0,STANDING
SESSION_20260901_205752_B498,1788276473290,0.16998832,-0.24420857,9.485827,-0.007330383,-0.002443461,0.0,1.8149456,-1.3128324,-11.202665,0.0,0.0,0.0,0.0,0.0,-1.0,0.0,0.0,STANDING
SESSION_20260901_205752_B498,1788276473290,0.16998832,-0.24420857,9.485827,-0.007330383,-0.0036651916,0.0012217305,1.8149456,-1.3128324,-11.202665,0.0,0.0,0.0,0.0,0.0,-1.0,0.0,0.0,STANDING
SESSION_20260901_205752_B498,1788276473290,0.16998832,-0.24420857,9.485827,-0.007330383,-0.0036651916,0.0012217305,1.8706754,-1.3609452,-11.201613,0.0,0.0,0.0,0.0,0.0,-1.0,0.0,0.0,STANDING
SESSION_20260901_205752_B498,1788276473310,0.21787235,-0.31364042,9.509769,-0.007330383,-0.0036651916,0.0012217305,1.8706754,-1.3609452,-11.201613,0.0,0.0,0.0,0.0,0.0,-1.0,0.0,0.0,STANDING
SESSION_20260901_205752_B498,1788276473310,0.21787235,-0.31364042,9.509769,-0.008552114,-0.0036651916,0.002443461,1.8706754,-1.3609452,-11.201613,0.0,0.0,0.0,0.0,0.0,-1.0,0.0,0.0,STANDING
SESSION_20260901_205752_B498,1788276473310,0.21787235,-0.31364042,9.509769,-0.008552114,-0.0036651916,0.002443461,1.8758324,-1.3146837,-11.20387,0.0,0.0,0.0,0.0,0.0,-1.0,0.0,0.0,STANDING
SESSION_20260901_205752_B498,1788276473330,0.22505496,-0.31364042,9.485827,-0.008552114,-0.0036651916,0.002443461,1.8758324,-1.3146837,-11.20387,0.0,0.0,0.0,0.0,0.0,-1.0,0.0,0.0,STANDING
SESSION_20260901_205752_B498,1788276473330,0.22505496,-0.31364042,9.485827,-0.007330383,-0.002443461,0.0012217305,1.8758324,-1.3146837,-11.20387,0.0,0.0,0.0,0.0,0.0,-1.0,0.0,0.0,STANDING
SESSION_20260901_205752_B498,1788276473330,0.22505496,-0.31364042,9.485827,-0.007330383,-0.002443461,0.0012217305,1.885133,-1.3188102,-11.20591,0.0,0.0,0.0,0.0,0.0,-1.0,0.0,0.0,STANDING
SESSION_20260901_205752_B498,1788276473350,0.25617957,-0.38067806,9.552865,-0.007330383,-0.002443461,0.0012217305,1.885133,-1.3188102,-11.20591,0.0,0.0,0.0,0.0,0.0,-1.0,0.0,0.0,STANDING
SESSION_20260901_205752_B498,1788276473350,0.25617957,-0.38067806,9.552865,-0.008552114,-0.002443461,0.0,1.885133,-1.3188102,-11.20591,0.0,0.0,0.0,0.0,0.0,-1.0,0.0,0.0,STANDING
SESSION_20260901_205752_B498,1788276473350,0.25617957,-0.38067806,9.552865,-0.008552114,-0.002443461,0.0,1.9560192,-1.300437,-11.207803,0.0,0.0,0.0,0.0,0.0,-1.0,0.0,0.0,STANDING
SESSION_20260901_205752_B498,1788276473370,0.30645782,-0.2777274,9.586384,-0.008552114,-0.002443461,0.0,1.9560192,-1.300437,-11.207803,0.0,0.0,0.0,0.0,0.0,-1.0,0.0,0.0,STANDING
SESSION_20260901_205752_B498,1788276473370,0.30645782,-0.2777274,9.586384,-0.007330383,-0.002443461,0.0012217305,1.9560192,-1.300437,-11.207803,0.0,0.0,0.0,0.0,0.0,-1.0,0.0,0.0,STANDING
SESSION_20260901_205752_B498,1788276473370,0.30645782,-0.2777274,9.586384,-0.007330383,-0.002443461,0.0012217305,1.9899848,-1.3863018,-11.204698,0.0,0.0,0.0,0.0,0.0,-1.0,0.0,0.0,STANDING
SESSION_20260901_205752_B498,1788276473390,0.272939,-0.24181437,9.581595,-0.007330383,-0.002443461,0.0012217305,1.9899848,-1.3863018,-11.204698,0.0,0.0,0.0,0.0,0.0,-1.0,0.0,0.0,STANDING
SESSION_20260901_205752_B498,1788276473390,0.272939,-0.24181437,9.581595,-0.007330383,-0.002443461,0.0012217305,1.9899848,-1.3863018,-11.204698,0.0,0.0,0.0,0.0,0.0,-1.0,0.0,0.0,STANDING
SESSION_20260901_205752_B498,1788276473390,0.272939,-0.24181437,9.581595,-0.007330383,-0.002443461,0.0012217305,1.9413688,-1.4590414,-11.2028,0.0,0.0,0.0,0.0,0.0,-1.0,0.0,0.0,STANDING
SESSION_20260901_205752_B498,1788276473410,0.17238252,-0.38067806,9.562442,-0.007330383,-0.002443461,0.0012217305,1.9413688,-1.4590414,-11.2028,0.0,0.0,0.0,0.0,0.0,-1.0,0.0,0.0,STANDING
SESSION_20260901_205752_B498,1788276473410,0.17238252,-0.38067806,9.562442,-0.008552114,-0.0036651916,0.0012217305,1.9413688,-1.4590414,-11.2028,0.0,0.0,0.0,0.0,0.0,-1.0,0.0,0.0,STANDING
SESSION_20260901_205752_B498,1788276473410,0.17238252,-0.38067806,9.562442,-0.008552114,-0.0036651916,0.0012217305,1.7528179,-1.4656181,-11.20389,0.0,0.0,0.0,0.0,0.0,-1.0,0.0,0.0,STANDING
SESSION_20260901_205752_B498,1788276473430,0.19393034,-0.2657564,9.481039,-0.008552114,-0.0036651916,0.0012217305,1.7528179,-1.4656181,-11.20389,0.0,0.0,0.0,0.0,0.0,-1.0,0.0,0.0,STANDING
SESSION_20260901_205752_B498,1788276473430,0.19393034,-0.2657564,9.481039,-0.008552114,-0.002443461,-0.0012217305,1.7528179,-1.4656181,-11.20389,0.0,0.0,0.0,0.0,0.0,-1.0,0.0,0.0,STANDING
SESSION_20260901_205752_B498,1788276473430,0.19393034,-0.2657564,9.481039,-0.008552114,-0.002443461,-0.0012217305,1.790242,-1.361932,-11.207835,0.0,0.0,0.0,0.0,0.0,-1.0,0.0,0.0,STANDING
SESSION_20260901_205752_B498,1788276473450,0.25617957,-0.18435353,9.435549,-0.008552114,-0.002443461,-0.0012217305,1.790242,-1.361932,-11.207835,0.0,0.0,0.0,0.0,0.0,-1.0,0.0,0.0,STANDING
SESSION_20260901_205752_B498,1788276473450,0.25617957,-0.18435353,9.435549,-0.007330383,-0.002443461,0.0,1.790242,-1.361932,-11.207835,0.0,0.0,0.0,0.0,0.0,-1.0,0.0,0.0,STANDING
SESSION_20260901_205752_B498,1788276473450,0.25617957,-0.18435353,9.435549,-0.007330383,-0.002443461,0.0,1.7995858,-1.365754,-11.206761,0.0,0.0,0.0,0.0,0.0,-1.0,0.0,0.0,STANDING
SESSION_20260901_205752_B498,1788276473470,0.22026655,-0.25617957,9.466674,-0.007330383,-0.002443461,0.0,1.7995858,-1.365754,-11.206761,0.0,0.0,0.0,0.0,0.0,-1.0,0.0,0.0,STANDING
SESSION_20260901_205752_B498,1788276473470,0.22026655,-0.25617957,9.466674,-0.009773844,-0.0012217305,0.0012217305,1.7995858,-1.365754,-11.206761,0.0,0.0,0.0,0.0,0.0,-1.0,0.0,0.0,STANDING
SESSION_20260901_205752_B498,1788276473470,0.22026655,-0.25617957,9.466674,-0.009773844,-0.0012217305,0.0012217305,1.8040141,-1.3698167,-11.206551,0.0,0.0,0.0,0.0,0.0,-1.0,0.0,0.0,STANDING
SESSION_20260901_205752_B498,1788276473490,0.31124622,-0.35913026,9.452309,-0.009773844,-0.0012217305,0.0012217305,1.8040141,-1.3698167,-11.206551,0.0,0.0,0.0,0.0,0.0,-1.0,0.0,0.0,STANDING
SESSION_20260901_205752_B498,1788276473490,0.31124622,-0.35913026,9.452309,-0.008552114,-0.002443461,0.0012217305,1.8040141,-1.3698167,-11.206551,0.0,0.0,0.0,0.0,0.0,-1.0,0.0,0.0,STANDING
SESSION_20260901_205752_B498,1788276473490,0.31124622,-0.35913026,9.452309,-0.008552114,-0.002443461,0.0012217305,1.8097764,-1.3709716,-11.207043,0.0,0.0,0.0,0.0,0.0,-1.0,0.0,0.0,STANDING
SESSION_20260901_205752_B498,1788276473511,0.17956513,-0.18914193,9.524135,-0.008552114,-0.002443461,0.0012217305,1.8097764,-1.3709716,-11.207043,0.0,0.0,0.0,0.0,0.0,-1.0,0.0,0.0,STANDING
SESSION_20260901_205752_B498,1788276473511,0.17956513,-0.18914193,9.524135,-0.008552114,-0.0036651916,0.0012217305,1.8097764,-1.3709716,-11.207043,0.0,0.0,0.0,0.0,0.0,-1.0,0.0,0.0,STANDING
SESSION_20260901_205752_B498,1788276473511,0.17956513,-0.18914193,9.524135,-0.008552114,-0.0036651916,0.0012217305,1.8184632,-1.3748243,-11.208276,0.0,0.0,0.0,0.0,0.0,-1.0,0.0,0.0,STANDING
SESSION_20260901_205752_B498,1788276473531,0.24181437,-0.22744916,9.52174,-0.008552114,-0.0036651916,0.0012217305,1.8184632,-1.3748243,-11.208276,0.0,0.0,0.0,0.0,0.0,-1.0,0.0,0.0,STANDING
SESSION_20260901_205752_B498,1788276473531,0.24181437,-0.22744916,9.52174,-0.008552114,-0.0036651916,0.0,1.8184632,-1.3748243,-11.208276,0.0,0.0,0.0,0.0,0.0,-1.0,0.0,0.0,STANDING
SESSION_20260901_205752_B498,1788276473531,0.24181437,-0.22744916,9.52174,-0.008552114,-0.0036651916,0.0,1.8216146,-1.3750743,-11.209513,0.0,0.0,0.0,0.0,0.0,-1.0,0.0,0.0,STANDING
SESSION_20260901_205752_B498,1788276473551,0.23463176,-0.31364042,9.512163,-0.008552114,-0.0036651916,0.0,1.8216146,-1.3750743,-11.209513,0.0,0.0,0.0,0.0,0.0,-1.0,0.0,0.0,STANDING
SESSION_20260901_205752_B498,1788276473551,0.23463176,-0.31364042,9.512163,-0.008552114,-0.002443461,0.0012217305,1.8216146,-1.3750743,-11.209513,0.0,0.0,0.0,0.0,0.0,-1.0,0.0,0.0,STANDING
SESSION_20260901_205752_B498,1788276473551,0.23463176,-0.31364042,9.512163,-0.008552114,-0.002443461,0.0012217305,1.8218714,-1.3752704,-11.210078,0.0,0.0,0.0,0.0,0.0,-1.0,0.0,0.0,STANDING
SESSION_20260901_205752_B498,1788276473571,0.24660277,-0.2681506,9.461885,-0.008552114,-0.002443461,0.0012217305,1.8218714,-1.3752704,-11.210078,0.0,0.0,0.0,0.0,0.0,-1.0,0.0,0.0,STANDING
SESSION_20260901_205752_B498,1788276473571,0.24660277,-0.2681506,9.461885,-0.008552114,-0.0036651916,0.0012217305,1.8218714,-1.3752704,-11.210078,0.0,0.0,0.0,0.0,0.0,-1.0,0.0,0.0,STANDING
SESSION_20260901_205752_B498,1788276473571,0.24660277,-0.2681506,9.461885,-0.008552114,-0.0036651916,0.0012217305,1.8263247,-1.3759785,-11.210599,0.0,0.0,0.0,0.0,0.0,-1.0,0.0,0.0,STANDING
SESSION_20260901_205752_B498,1788276473591,0.19393034,-0.32800564,9.504981,-0.008552114,-0.0036651916,0.0012217305,1.8263247,-1.3759785,-11.210599,0.0,0.0,0.0,0.0,0.0,-1.0,0.0,0.0,STANDING
SESSION_20260901_205752_B498,1788276473591,0.19393034,-0.32800564,9.504981,-0.008552114,-0.0036651916,0.0,1.8263247,-1.3759785,-11.210599,0.0,0.0,0.0,0.0,0.0,-1.0,0.0,0.0,STANDING
SESSION_20260901_205752_B498,1788276473591,0.19393034,-0.32800564,9.504981,-0.008552114,-0.0036651916,0.0,1.8312997,-1.378479,-11.211089,0.0,0.0,0.0,0.0,0.0,-1.0,0.0,0.0,STANDING
SESSION_20260901_205752_B498,1788276473611,0.2801216,-0.17956513,9.555259,-0.008552114,-0.0036651916,0.0,1.8312997,-1.378479,-11.211089,0.0,0.0,0.0,0.0,0.0,-1.0,0.0,0.0,STANDING
SESSION_20260901_205752_B498,1788276473611,0.2801216,-0.17956513,9.555259,-0.007330383,-0.002443461,0.0012217305,1.8312997,-1.378479,-11.211089,0.0,0.0,0.0,0.0,0.0,-1.0,0.0,0.0,STANDING
SESSION_20260901_205752_B498,1788276473611,0.2801216,-0.17956513,9.555259,-0.007330383,-0.002443461,0.0012217305,1.8389562,-1.3802645,-11.210859,0.0,0.0,0.0,0.0,0.0,-1.0,0.0,0.0,STANDING
SESSION_20260901_205752_B498,1788276473631,0.22266077,-0.24899697,9.600749,-0.007330383,-0.002443461,0.0012217305,1.8389562,-1.3802645,-11.210859,0.0,0.0,0.0,0.0,0.0,-1.0,0.0,0.0,STANDING
SESSION_20260901_205752_B498,1788276473631,0.22266077,-0.24899697,9.600749,-0.0061086523,-0.0036651916,0.0012217305,1.8389562,-1.3802645,-11.210859,0.0,0.0,0.0,0.0,0.0,-1.0,0.0,0.0,STANDING
SESSION_20260901_205752_B498,1788276473631,0.22266077,-0.24899697,9.600749,-0.0061086523,-0.0036651916,0.0012217305,1.8359647,-1.3848009,-11.212091,0.0,0.0,0.0,0.0,0.0,-1.0,0.0,0.0,STANDING
SESSION_20260901_205752_B498,1788276473651,0.24660277,-0.21787235,9.588778,-0.0061086523,-0.0036651916,0.0012217305,1.8359647,-1.3848009,-11.212091,0.0,0.0,0.0,0.0,0.0,-1.0,0.0,0.0,STANDING
SESSION_20260901_205752_B498,1788276473651,0.24660277,-0.21787235,9.588778,-0.008552114,-0.002443461,0.0,1.8359647,-1.3848009,-11.212091,0.0,0.0,0.0,0.0,0.0,-1.0,0.0,0.0,STANDING
SESSION_20260901_205752_B498,1788276473651,0.24660277,-0.21787235,9.588778,-0.008552114,-0.002443461,0.0,1.8264912,-1.3913558,-11.21325,0.0,0.0,0.0,0.0,0.0,-1.0,0.0,0.0,STANDING
SESSION_20260901_205752_B498,1788276473671,0.24899697,-0.260968,9.502586,-0.008552114,-0.002443461,0.0,1.8264912,-1.3913558,-11.21325,0.0,0.0,0.0,0.0,0.0,-1.0,0.0,0.0,STANDING
SESSION_20260901_205752_B498,1788276473671,0.24899697,-0.260968,9.502586,-0.008552114,-0.002443461,0.0,1.8264912,-1.3913558,-11.21325,0.0,0.0,0.0,0.0,0.0,-1.0,0.0,0.0,STANDING
SESSION_20260901_205752_B498,1788276473671,0.24899697,-0.260968,9.502586,-0.008552114,-0.002443461,0.0,1.8158103,-1.3974632,-11.213614,0.0,0.0,0.0,0.0,0.0,-1.0,0.0,0.0,STANDING
SESSION_20260901_205752_B498,1788276473691,0.22984336,-0.31603462,9.52174,-0.008552114,-0.002443461,0.0,1.8158103,-1.3974632,-11.213614,0.0,0.0,0.0,0.0,0.0,-1.0,0.0,0.0,STANDING
SESSION_20260901_205752_B498,1788276473691,0.22984336,-0.31603462,9.52174,-0.007330383,-0.0036651916,0.0012217305,1.8158103,-1.3974632,-11.213614,0.0,0.0,0.0,0.0,0.0,-1.0,0.0,0.0,STANDING
SESSION_20260901_205752_B498,1788276473691,0.22984336,-0.31603462,9.52174,-0.007330383,-0.0036651916,0.0012217305,1.8053439,-1.4011427,-11.213332,0.0,0.0,0.0,0.0,0.0,-1.0,0.0,0.0,STANDING
SESSION_20260901_205752_B498,1788276473711,0.1604115,-0.2705448,9.442732,-0.007330383,-0.0036651916,0.0012217305,1.8053439,-1.4011427,-11.213332,0.0,0.0,0.0,0.0,0.0,-1.0,0.0,0.0,STANDING
SESSION_20260901_205752_B498,1788276473711,0.1604115,-0.2705448,9.442732,-0.007330383,-0.002443461,0.0012217305,1.8053439,-1.4011427,-11.213332,0.0,0.0,0.0,0.0,0.0,-1.0,0.0,0.0,STANDING
SESSION_20260901_205752_B498,1788276473711,0.1604115,-0.2705448,9.442732,-0.007330383,-0.002443461,0.0012217305,1.8020643,-1.4016874,-11.21382,0.0,0.0,0.0,0.0,0.0,-1.0,0.0,0.0,STANDING
SESSION_20260901_205752_B498,1788276473731,0.22266077,-0.37828386,9.52174,-0.007330383,-0.002443461,0.0012217305,1.8020643,-1.4016874,-11.21382,0.0,0.0,0.0,0.0,0.0,-1.0,0.0,0.0,STANDING
SESSION_20260901_205752_B498,1788276473731,0.22266077,-0.37828386,9.52174,-0.008552114,-0.002443461,0.0012217305,1.8020643,-1.4016874,-11.21382,0.0,0.0,0.0,0.0,0.0,-1.0,0.0,0.0,STANDING
SESSION_20260901_205752_B498,1788276473731,0.22266077,-0.37828386,9.52174,-0.008552114,-0.002443461,0.0012217305,1.7988795,-1.396112,-11.214738,0.0,0.0,0.0,0.0,0.0,-1.0,0.0,0.0,STANDING
SESSION_20260901_205752_B498,1788276473751,0.20111294,-0.23942018,9.49301,-0.008552114,-0.002443461,0.0012217305,1.7988795,-1.396112,-11.214738,0.0,0.0,0.0,0.0,0.0,-1.0,0.0,0.0,STANDING
SESSION_20260901_205752_B498,1788276473751,0.20111294,-0.23942018,9.49301,-0.008552114,-0.002443461,0.0,1.7988795,-1.396112,-11.214738,0.0,0.0,0.0,0.0,0.0,-1.0,0.0,0.0,STANDING
SESSION_20260901_205752_B498,1788276473751,0.20111294,-0.23942018,9.49301,-0.008552114,-0.002443461,0.0,1.8054198,-1.3945317,-11.215956,0.0,0.0,0.0,0.0,0.0,-1.0,0.0,0.0,STANDING
SESSION_20260901_205752_B498,1788276473771,0.21787235,-0.33518824,9.507375,-0.008552114,-0.002443461,0.0,1.8054198,-1.3945317,-11.215956,0.0,0.0,0.0,0.0,0.0,-1.0,0.0,0.0,STANDING
SESSION_20260901_205752_B498,1788276473771,0.21787235,-0.33518824,9.507375,-0.008552114,-0.002443461,0.0012217305,1.8054198,-1.3945317,-11.215956,0.0,0.0,0.0,0.0,0.0,-1.0,0.0,0.0,STANDING
SESSION_20260901_205752_B498,1788276473771,0.21787235,-0.33518824,9.507375,-0.008552114,-0.002443461,0.0012217305,1.8090981,-1.3896701,-11.216685,0.0,0.0,0.0,0.0,0.0,-1.0,0.0,0.0,STANDING
SESSION_20260901_205752_B498,1788276473791,0.14604631,-0.30166942,9.617508,-0.008552114,-0.002443461,0.0012217305,1.8090981,-1.3896701,-11.216685,0.0,0.0,0.0,0.0,0.0,-1.0,0.0,0.0,STANDING
SESSION_20260901_205752_B498,1788276473791,0.14604631,-0.30166942,9.617508,-0.007330383,-0.002443461,0.0012217305,1.8090981,-1.3896701,-11.216685,0.0,0.0,0.0,0.0,0.0,-1.0,0.0,0.0,STANDING
SESSION_20260901_205752_B498,1788276473791,0.14604631,-0.30166942,9.617508,-0.007330383,-0.002443461,0.0012217305,1.8166922,-1.3824642,-11.217517,0.0,0.0,0.0,0.0,0.0,-1.0,0.0,0.0,STANDING
SESSION_20260901_205752_B498,1788276473811,0.24899697,-0.17717093,9.598354,-0.007330383,-0.002443461,0.0012217305,1.8166922,-1.3824642,-11.217517,0.0,0.0,0.0,0.0,0.0,-1.0,0.0,0.0,STANDING
SESSION_20260901_205752_B498,1788276473811,0.24899697,-0.17717093,9.598354,-0.009773844,-0.002443461,0.0012217305,1.8166922,-1.3824642,-11.217517,0.0,0.0,0.0,0.0,0.0,-1.0,0.0,0.0,STANDING
SESSION_20260901_205752_B498,1788276473811,0.24899697,-0.17717093,9.598354,-0.009773844,-0.002443461,0.0012217305,1.8220302,-1.3662508,-11.219305,0.0,0.0,0.0,0.0,0.0,-1.0,0.0,0.0,STANDING
SESSION_20260901_205752_B498,1788276473831,0.23702596,-0.36870706,9.524135,-0.009773844,-0.002443461,0.0012217305,1.8220302,-1.3662508,-11.219305,0.0,0.0,0.0,0.0,0.0,-1.0,0.0,0.0,STANDING
SESSION_20260901_205752_B498,1788276473831,0.23702596,-0.36870706,9.524135,-0.008552114,-0.002443461,0.0,1.8220302,-1.3662508,-11.219305,0.0,0.0,0.0,0.0,0.0,-1.0,0.0,0.0,STANDING
SESSION_20260901_205752_B498,1788276473831,0.23702596,-0.36870706,9.524135,-0.008552114,-0.002443461,0.0,1.8224891,-1.3579016,-11.22024,0.0,0.0,0.0,0.0,0.0,-1.0,0.0,0.0,STANDING
SESSION_20260901_205752_B498,1788276473851,0.25139117,-0.33279404,9.428367,-0.008552114,-0.002443461,0.0,1.8224891,-1.3579016,-11.22024,0.0,0.0,0.0,0.0,0.0,-1.0,0.0,0.0,STANDING
SESSION_20260901_205752_B498,1788276473851,0.25139117,-0.33279404,9.428367,-0.008552114,-0.002443461,0.0,1.8224891,-1.3579016,-11.22024,0.0,0.0,0.0,0.0,0.0,-1.0,0.0,0.0,STANDING
SESSION_20260901_205752_B498,1788276473851,0.25139117,-0.33279404,9.428367,-0.008552114,-0.002443461,0.0,1.8302056,-1.3566756,-11.220748,0.0,0.0,0.0,0.0,0.0,-1.0,0.0,0.0,STANDING
SESSION_20260901_205752_B498,1788276473871,0.1436521,-0.29927522,9.473856,-0.008552114,-0.002443461,0.0,1.8302056,-1.3566756,-11.220748,0.0,0.0,0.0,0.0,0.0,-1.0,0.0,0.0,STANDING
SESSION_20260901_205752_B498,1788276473871,0.1436521,-0.29927522,9.473856,-0.007330383,-0.002443461,0.0,1.8302056,-1.3566756,-11.220748,0.0,0.0,0.0,0.0,0.0,-1.0,0.0,0.0,STANDING
SESSION_20260901_205752_B498,1788276473871,0.1436521,-0.29927522,9.473856,-0.007330383,-0.002443461,0.0,1.8396634,-1.3579297,-11.221209,0.0,0.0,0.0,0.0,0.0,-1.0,0.0,0.0,STANDING
SESSION_20260901_205752_B498,1788276473891,0.21547815,-0.24420857,9.533711,-0.007330383,-0.002443461,0.0,1.8396634,-1.3579297,-11.221209,0.0,0.0,0.0,0.0,0.0,-1.0,0.0,0.0,STANDING
SESSION_20260901_205752_B498,1788276473891,0.21547815,-0.24420857,9.533711,-0.009773844,-0.0036651916,0.0012217305,1.8396634,-1.3579297,-11.221209,0.0,0.0,0.0,0.0,0.0,-1.0,0.0,0.0,STANDING
SESSION_20260901_205752_B498,1788276473891,0.21547815,-0.24420857,9.533711,-0.009773844,-0.0036651916,0.0012217305,1.8481576,-1.3588264,-11.22111,0.0,0.0,0.0,0.0,0.0,-1.0,0.0,0.0,STANDING
SESSION_20260901_205752_B498,1788276473911,0.19632454,-0.23223756,9.55047,-0.009773844,-0.0036651916,0.0012217305,1.8481576,-1.3588264,-11.22111,0.0,0.0,0.0,0.0,0.0,-1.0,0.0,0.0,STANDING
SESSION_20260901_205752_B498,1788276473911,0.19632454,-0.23223756,9.55047,-0.008552114,-0.0036651916,0.0,1.8481576,-1.3588264,-11.22111,0.0,0.0,0.0,0.0,0.0,-1.0,0.0,0.0,STANDING
SESSION_20260901_205752_B498,1788276473911,0.19632454,-0.23223756,9.55047,-0.008552114,-0.0036651916,0.0,1.8592539,-1.3626822,-11.221625,0.0,0.0,0.0,0.0,0.0,-1.0,0.0,0.0,STANDING
SESSION_20260901_205752_B498,1788276473931,0.19393034,-0.24899697,9.548077,-0.008552114,-0.0036651916,0.0,1.8592539,-1.3626822,-11.221625,0.0,0.0,0.0,0.0,0.0,-1.0,0.0,0.0,STANDING
SESSION_20260901_205752_B498,1788276473931,0.19393034,-0.24899697,9.548077,-0.008552114,-0.002443461,0.0012217305,1.8592539,-1.3626822,-11.221625,0.0,0.0,0.0,0.0,0.0,-1.0,0.0,0.0,STANDING
SESSION_20260901_205752_B498,1788276473931,0.19393034,-0.24899697,9.548077,-0.008552114,-0.002443461,0.0012217305,1.8661834,-1.364079,-11.221416,0.0,0.0,0.0,0.0,0.0,-1.0,0.0,0.0,STANDING
SESSION_20260901_205752_B498,1788276473951,0.20829555,-0.3854665,9.555259,-0.008552114,-0.002443461,0.0012217305,1.8661834,-1.364079,-11.221416,0.0,0.0,0.0,0.0,0.0,-1.0,0.0,0.0,STANDING
SESSION_20260901_205752_B498,1788276473951,0.20829555,-0.3854665,9.555259,-0.008552114,-0.002443461,0.0012217305,1.8661834,-1.364079,-11.221416,0.0,0.0,0.0,0.0,0.0,-1.0,0.0,0.0,STANDING
SESSION_20260901_205752_B498,1788276473951,0.20829555,-0.3854665,9.555259,-0.008552114,-0.002443461,0.0012217305,1.8723171,-1.3606921,-11.222784,0.0,0.0,0.0,0.0,0.0,-1.0,0.0,0.0,STANDING
SESSION_20260901_205752_B498,1788276473971,0.19153613,-0.260968,9.569624,-0.008552114,-0.002443461,0.0012217305,1.8723171,-1.3606921,-11.222784,0.0,0.0,0.0,0.0,0.0,-1.0,0.0,0.0,STANDING
SESSION_20260901_205752_B498,1788276473971,0.19153613,-0.260968,9.569624,-0.007330383,-0.0036651916,0.0,1.8723171,-1.3606921,-11.222784,0.0,0.0,0.0,0.0,0.0,-1.0,0.0,0.0,STANDING
SESSION_20260901_205752_B498,1788276473971,0.19153613,-0.260968,9.569624,-0.007330383,-0.0036651916,0.0,1.8888372,-1.356412,-11.223609,0.0,0.0,0.0,0.0,0.0,-1.0,0.0,0.0,STANDING
SESSION_20260901_205752_B498,1788276473991,0.20111294,-0.36870706,9.524135,-0.007330383,-0.0036651916,0.0,1.8888372,-1.356412,-11.223609,0.0,0.0,0.0,0.0,0.0,-1.0,0.0,0.0,STANDING
SESSION_20260901_205752_B498,1788276473991,0.20111294,-0.36870706,9.524135,-0.007330383,-0.0036651916,0.0012217305,1.8888372,-1.356412,-11.223609,0.0,0.0,0.0,0.0,0.0,-1.0,0.0,0.0,STANDING
SESSION_20260901_205752_B498,1788276473991,0.20111294,-0.36870706,9.524135,-0.007330383,-0.0036651916,0.0012217305,1.9014233,-1.3555132,-11.224177,0.0,0.0,0.0,0.0,0.0,-1.0,0.0,0.0,STANDING
SESSION_20260901_205752_B498,1788276474012,0.31603462,-0.30645782,9.509769,-0.007330383,-0.0036651916,0.0012217305,1.9014233,-1.3555132,-11.224177,0.0,0.0,0.0,0.0,0.0,-1.0,0.0,0.0,STANDING
SESSION_20260901_205752_B498,1788276474012,0.31603462,-0.30645782,9.509769,-0.008552114,-0.0036651916,0.0,1.9014233,-1.3555132,-11.224177,0.0,0.0,0.0,0.0,0.0,-1.0,0.0,0.0,STANDING
SESSION_20260901_205752_B498,1788276474012,0.31603462,-0.30645782,9.509769,-0.008552114,-0.0036651916,0.0,1.9141327,-1.3557432,-11.225544,0.0,0.0,0.0,0.0,0.0,-1.0,0.0,0.0,STANDING
SESSION_20260901_205752_B498,1788276474032,0.11971009,-0.2681506,9.497798,-0.008552114,-0.0036651916,0.0,1.9141327,-1.3557432,-11.225544,0.0,0.0,0.0,0.0,0.0,-1.0,0.0,0.0,STANDING
SESSION_20260901_205752_B498,1788276474032,0.11971009,-0.2681506,9.497798,-0.008552114,-0.002443461,0.0012217305,1.9141327,-1.3557432,-11.225544,0.0,0.0,0.0,0.0,0.0,-1.0,0.0,0.0,STANDING
SESSION_20260901_205752_B498,1788276474032,0.11971009,-0.2681506,9.497798,-0.008552114,-0.002443461,0.0012217305,1.9250333,-1.3599682,-11.225832,0.0,0.0,0.0,0.0,0.0,-1.0,0.0,0.0,STANDING
SESSION_20260901_205752_B498,1788276474052,0.23942018,-0.29927522,9.500193,-0.008552114,-0.002443461,0.0012217305,1.9250333,-1.3599682,-11.225832,0.0,0.0,0.0,0.0,0.0,-1.0,0.0,0.0,STANDING
SESSION_20260901_205752_B498,1788276474052,0.23942018,-0.29927522,9.500193,-0.007330383,-0.0036651916,0.0,1.9250333,-1.3599682,-11.225832,0.0,0.0,0.0,0.0,0.0,-1.0,0.0,0.0,STANDING
SESSION_20260901_205752_B498,1788276474052,0.23942018,-0.29927522,9.500193,-0.007330383,-0.0036651916,0.0,1.9330417,-1.3604281,-11.227119,0.0,0.0,0.0,0.0,0.0,-1.0,0.0,0.0,STANDING
SESSION_20260901_205752_B498,1788276474072,0.12449849,-0.2705448,9.564836,-0.007330383,-0.0036651916,0.0,1.9330417,-1.3604281,-11.227119,0.0,0.0,0.0,0.0,0.0,-1.0,0.0,0.0,STANDING
SESSION_20260901_205752_B498,1788276474072,0.12449849,-0.2705448,9.564836,-0.008552114,-0.0036651916,0.0012217305,1.9330417,-1.3604281,-11.227119,0.0,0.0,0.0,0.0,0.0,-1.0,0.0,0.0,STANDING
SESSION_20260901_205752_B498,1788276474072,0.12449849,-0.2705448,9.564836,-0.008552114,-0.0036651916,0.0012217305,1.9381347,-1.3630397,-11.227026,0.0,0.0,0.0,0.0,0.0,-1.0,0.0,0.0,STANDING
SESSION_20260901_205752_B498,1788276474092,0.22266077,-0.2896984,9.634268,-0.008552114,-0.0036651916,0.0012217305,1.9381347,-1.3630397,-11.227026,0.0,0.0,0.0,0.0,0.0,-1.0,0.0,0.0,STANDING
SESSION_20260901_205752_B498,1788276474092,0.22266077,-0.2896984,9.634268,-0.008552114,-0.0036651916,0.0012217305,1.9381347,-1.3630397,-11.227026,0.0,0.0,0.0,0.0,0.0,-1.0,0.0,0.0,STANDING
SESSION_20260901_205752_B498,1788276474092,0.22266077,-0.2896984,9.634268,-0.008552114,-0.0036651916,0.0012217305,1.9410746,-1.3623985,-11.2275915,0.0,0.0,0.0,0.0,0.0,-1.0,0.0,0.0,STANDING
SESSION_20260901_205752_B498,1788276474112,0.19393034,-0.46686932,9.543288,-0.008552114,-0.0036651916,0.0012217305,1.9410746,-1.3623985,-11.2275915,0.0,0.0,0.0,0.0,0.0,-1.0,0.0,0.0,STANDING
SESSION_20260901_205752_B498,1788276474112,0.19393034,-0.46686932,9.543288,-0.008552114,-0.0036651916,0.0012217305,1.9410746,-1.3623985,-11.2275915,0.0,0.0,0.0,0.0,0.0,-1.0,0.0,0.0,STANDING
SESSION_20260901_205752_B498,1788276474112,0.19393034,-0.46686932,9.543288,-0.008552114,-0.0036651916,0.0012217305,1.9412662,-1.365354,-11.228803,0.0,0.0,0.0,0.0,0.0,-1.0,0.0,0.0,STANDING
SESSION_20260901_205752_B498,1788276474132,0.2777274,-0.2801216,9.555259,-0.008552114,-0.0036651916,0.0012217305,1.9412662,-1.365354,-11.228803,0.0,0.0,0.0,0.0,0.0,-1.0,0.0,0.0,STANDING
SESSION_20260901_205752_B498,1788276474132,0.2777274,-0.2801216,9.555259,-0.008552114,-0.002443461,0.0012217305,1.9412662,-1.365354,-11.228803,0.0,0.0,0.0,0.0,0.0,-1.0,0.0,0.0,STANDING
SESSION_20260901_205752_B498,1788276474132,0.2777274,-0.2801216,9.555259,-0.008552114,-0.002443461,0.0012217305,1.9474835,-1.3663379,-11.229992,0.0,0.0,0.0,0.0,0.0,-1.0,0.0,0.0,STANDING
SESSION_20260901_205752_B498,1788276474152,0.21547815,-0.29927522,9.540894,-0.008552114,-0.002443461,0.0012217305,1.9474835,-1.3663379,-11.229992,0.0,0.0,0.0,0.0,0.0,-1.0,0.0,0.0,STANDING
SESSION_20260901_205752_B498,1788276474152,0.21547815,-0.29927522,9.540894,-0.007330383,-0.002443461,0.0012217305,1.9474835,-1.3663379,-11.229992,0.0,0.0,0.0,0.0,0.0,-1.0,0.0,0.0,STANDING
SESSION_20260901_205752_B498,1788276474152,0.21547815,-0.29927522,9.540894,-0.007330383,-0.002443461,0.0012217305,1.9479178,-1.368234,-11.231228,0.0,0.0,0.0,0.0,0.0,-1.0,0.0,0.0,STANDING
SESSION_20260901_205752_B498,1788276474172,0.25378537,-0.33279404,9.543288,-0.007330383,-0.002443461,0.0012217305,1.9479178,-1.368234,-11.231228,0.0,0.0,0.0,0.0,0.0,-1.0,0.0,0.0,STANDING
SESSION_20260901_205752_B498,1788276474172,0.25378537,-0.33279404,9.543288,-0.008552114,-0.002443461,0.0,1.9479178,-1.368234,-11.231228,0.0,0.0,0.0,0.0,0.0,-1.0,0.0,0.0,STANDING
SESSION_20260901_205752_B498,1788276474172,0.25378537,-0.33279404,9.543288,-0.008552114,-0.002443461,0.0,1.9473181,-1.3690895,-11.2317915,0.0,0.0,0.0,0.0,0.0,-1.0,0.0,0.0,STANDING
SESSION_20260901_205752_B498,1788276474192,0.15562311,-0.2873042,9.600749,-0.008552114,-0.002443461,0.0,1.9473181,-1.3690895,-11.2317915,0.0,0.0,0.0,0.0,0.0,-1.0,0.0,0.0,STANDING
SESSION_20260901_205752_B498,1788276474192,0.15562311,-0.2873042,9.600749,-0.007330383,-0.002443461,0.0012217305,1.9473181,-1.3690895,-11.2317915,0.0,0.0,0.0,0.0,0.0,-1.0,0.0,0.0,STANDING
SESSION_20260901_205752_B498,1788276474192,0.15562311,-0.2873042,9.600749,-0.007330383,-0.002443461,0.0012217305,1.9502583,-1.3697255,-11.231641,0.0,0.0,0.0,0.0,0.0,-1.0,0.0,0.0,STANDING
SESSION_20260901_205752_B498,1788276474212,0.16519992,-0.25378537,9.548077,-0.007330383,-0.002443461,0.0012217305,1.9502583,-1.3697255,-11.231641,0.0,0.0,0.0,0.0,0.0,-1.0,0.0,0.0,STANDING
SESSION_20260901_205752_B498,1788276474212,0.16519992,-0.25378537,9.548077,-0.008552114,-0.0036651916,0.0012217305,1.9502583,-1.3697255,-11.231641,0.0,0.0,0.0,0.0,0.0,-1.0,0.0,0.0,STANDING
SESSION_20260901_205752_B498,1788276474212,0.16519992,-0.25378537,9.548077,-0.008552114,-0.0036651916,0.0012217305,1.9494704,-1.366209,-11.233082,0.0,0.0,0.0,0.0,0.0,-1.0,0.0,0.0,STANDING
SESSION_20260901_205752_B498,1788276474232,0.25378537,-0.29927522,9.591172,-0.008552114,-0.0036651916,0.0012217305,1.9494704,-1.366209,-11.233082,0.0,0.0,0.0,0.0,0.0,-1.0,0.0,0.0,STANDING
SESSION_20260901_205752_B498,1788276474232,0.25378537,-0.29927522,9.591172,-0.009773844,-0.0036651916,0.0012217305,1.9494704,-1.366209,-11.233082,14.4594584,75.9239489,519.0999755859375,0.012917668,32.099,-1.0,0.0,0.0,STANDING
SESSION_20260901_205752_B498,1788276474232,0.25378537,-0.29927522,9.591172,-0.009773844,-0.0036651916,0.0012217305,1.9432517,-1.3578118,-11.234667,14.4594584,75.9239489,519.0999755859375,0.012917668,32.099,-1.0,0.0,0.0,STANDING
SESSION_20260901_205752_B498,1788276474252,0.272939,-0.29209262,9.555259,-0.009773844,-0.0036651916,0.0012217305,1.9432517,-1.3578118,-11.234667,14.4594584,75.9239489,519.0999755859375,0.012917668,32.099,-1.0,0.0,0.0,STANDING
SESSION_20260901_205752_B498,1788276474252,0.272939,-0.29209262,9.555259,-0.008552114,-0.0036651916,0.0,1.9432517,-1.3578118,-11.234667,14.4594584,75.9239489,519.0999755859375,0.012917668,32.099,-1.0,0.0,0.0,STANDING
SESSION_20260901_205752_B498,1788276474252,0.272939,-0.29209262,9.555259,-0.008552114,-0.0036651916,0.0,1.9396875,-1.3565273,-11.235982,14.4594584,75.9239489,519.0999755859375,0.012917668,32.099,-1.0,0.0,0.0,STANDING
SESSION_20260901_205752_B498,1788276474272,0.23223756,-0.17717093,9.497798,-0.008552114,-0.0036651916,0.0,1.9396875,-1.3565273,-11.235982,14.4594584,75.9239489,519.0999755859375,0.012917668,32.099,-1.0,0.0,0.0,STANDING
SESSION_20260901_205752_B498,1788276474272,0.23223756,-0.17717093,9.497798,-0.007330383,-0.002443461,0.0012217305,1.9396875,-1.3565273,-11.235982,14.4594584,75.9239489,519.0999755859375,0.012917668,32.099,-1.0,0.0,0.0,STANDING
SESSION_20260901_205752_B498,1788276474272,0.23223756,-0.17717093,9.497798,-0.007330383,-0.002443461,0.0012217305,1.9369974,-1.3595492,-11.236426,14.4594584,75.9239489,519.0999755859375,0.012917668,32.099,-1.0,0.0,0.0,STANDING
SESSION_20260901_205752_B498,1788276474292,0.23463176,-0.40940848,9.473856,-0.007330383,-0.002443461,0.0012217305,1.9369974,-1.3595492,-11.236426,14.4594584,75.9239489,519.0999755859375,0.012917668,32.099,-1.0,0.0,0.0,STANDING
SESSION_20260901_205752_B498,1788276474292,0.23463176,-0.40940848,9.473856,-0.008552114,-0.0036651916,0.0012217305,1.9369974,-1.3595492,-11.236426,14.4594584,75.9239489,519.0999755859375,0.012917668,32.099,-1.0,0.0,0.0,STANDING
SESSION_20260901_205752_B498,1788276474292,0.23463176,-0.40940848,9.473856,-0.008552114,-0.0036651916,0.0012217305,1.9195704,-1.3637867,-11.236885,14.4594584,75.9239489,519.0999755859375,0.012917668,32.099,-1.0,0.0,0.0,STANDING
SESSION_20260901_205752_B498,1788276474312,0.20829555,-0.2825158,9.488221,-0.008552114,-0.0036651916,0.0012217305,1.9195704,-1.3637867,-11.236885,14.4594584,75.9239489,519.0999755859375,0.012917668,32.099,-1.0,0.0,0.0,STANDING
SESSION_20260901_205752_B498,1788276474312,0.20829555,-0.2825158,9.488221,-0.008552114,-0.0036651916,0.0,1.9195704,-1.3637867,-11.236885,14.4594584,75.9239489,519.0999755859375,0.012917668,32.099,-1.0,0.0,0.0,STANDING
SESSION_20260901_205752_B498,1788276474312,0.20829555,-0.2825158,9.488221,-0.008552114,-0.0036651916,0.0,1.9198027,-1.3695054,-11.237942,14.4594584,75.9239489,519.0999755859375,0.012917668,32.099,-1.0,0.0,0.0,STANDING
SESSION_20260901_205752_B498,1788276474332,0.30406362,-0.30166942,9.557653,-0.008552114,-0.0036651916,0.0,1.9198027,-1.3695054,-11.237942,14.4594584,75.9239489,519.0999755859375,0.012917668,32.099,-1.0,0.0,0.0,STANDING
SESSION_20260901_205752_B498,1788276474332,0.30406362,-0.30166942,9.557653,-0.008552114,-0.002443461,0.0012217305,1.9198027,-1.3695054,-11.237942,14.4594584,75.9239489,519.0999755859375,0.012917668,32.099,-1.0,0.0,0.0,STANDING
SESSION_20260901_205752_B498,1788276474332,0.30406362,-0.30166942,9.557653,-0.008552114,-0.002443461,0.0012217305,1.9210876,-1.3754784,-11.238297,14.4594584,75.9239489,519.0999755859375,0.012917668,32.099,-1.0,0.0,0.0,STANDING
SESSION_20260901_205752_B498,1788276474352,0.23223756,-0.28491,9.519346,-0.008552114,-0.002443461,0.0012217305,1.9210876,-1.3754784,-11.238297,14.4594584,75.9239489,519.0999755859375,0.012917668,32.099,-1.0,0.0,0.0,STANDING
SESSION_20260901_205752_B498,1788276474352,0.23223756,-0.28491,9.519346,-0.007330383,-0.002443461,0.0012217305,1.9210876,-1.3754784,-11.238297,14.4594584,75.9239489,519.0999755859375,0.012917668,32.099,-1.0,0.0,0.0,STANDING
SESSION_20260901_205752_B498,1788276474352,0.23223756,-0.28491,9.519346,-0.007330383,-0.002443461,0.0012217305,1.9255522,-1.3833258,-11.238706,14.4594584,75.9239489,519.0999755859375,0.012917668,32.099,-1.0,0.0,0.0,STANDING
SESSION_20260901_205752_B498,1788276474372,0.2681506,-0.25617957,9.5385,-0.007330383,-0.002443461,0.0012217305,1.9255522,-1.3833258,-11.238706,14.4594584,75.9239489,519.0999755859375,0.012917668,32.099,-1.0,0.0,0.0,STANDING
SESSION_20260901_205752_B498,1788276474372,0.2681506,-0.25617957,9.5385,-0.008552114,-0.002443461,0.0012217305,1.9255522,-1.3833258,-11.238706,14.4594584,75.9239489,519.0999755859375,0.012917668,32.099,-1.0,0.0,0.0,STANDING
SESSION_20260901_205752_B498,1788276474372,0.2681506,-0.25617957,9.5385,-0.008552114,-0.002443461,0.0012217305,1.931299,-1.3878219,-11.239148,14.4594584,75.9239489,519.0999755859375,0.012917668,32.099,-1.0,0.0,0.0,STANDING
SESSION_20260901_205752_B498,1788276474392,0.2705448,-0.2657564,9.548077,-0.008552114,-0.002443461,0.0012217305,1.931299,-1.3878219,-11.239148,14.4594584,75.9239489,519.0999755859375,0.012917668,32.099,-1.0,0.0,0.0,STANDING
SESSION_20260901_205752_B498,1788276474392,0.2705448,-0.2657564,9.548077,-0.008552114,-0.002443461,0.0012217305,1.931299,-1.3878219,-11.239148,14.4594584,75.9239489,519.0999755859375,0.012917668,32.099,-1.0,0.0,0.0,STANDING
SESSION_20260901_205752_B498,1788276474392,0.2705448,-0.2657564,9.548077,-0.008552114,-0.002443461,0.0012217305,1.9319105,-1.3926948,-11.24033,14.4594584,75.9239489,519.0999755859375,0.012917668,32.099,-1.0,0.0,0.0,STANDING
SESSION_20260901_205752_B498,1788276474412,0.19393034,-0.29688102,9.61272,-0.008552114,-0.002443461,0.0012217305,1.9319105,-1.3926948,-11.24033,14.4594584,75.9239489,519.0999755859375,0.012917668,32.099,-1.0,0.0,0.0,STANDING
SESSION_20260901_205752_B498,1788276474412,0.19393034,-0.29688102,9.61272,-0.007330383,-0.002443461,0.0,1.9319105,-1.3926948,-11.24033,14.4594584,75.9239489,519.0999755859375,0.012917668,32.099,-1.0,0.0,0.0,STANDING
SESSION_20260901_205752_B498,1788276474412,0.19393034,-0.29688102,9.61272,-0.007330383,-0.002443461,0.0,1.9217049,-1.3954185,-11.24074,14.4594584,75.9239489,519.0999755859375,0.012917668,32.099,-1.0,0.0,0.0,STANDING
SESSION_20260901_205752_B498,1788276474433,0.19393034,-0.29688102,9.61272,-0.007330383,-0.002443461,0.0,1.9123296,-1.393683,-11.241336,14.4594584,75.9239489,519.0999755859375,0.012917668,32.099,-1.0,0.0,0.0,STANDING
SESSION_20260901_205752_B498,1788276474433,0.2681506,-0.24660277,9.574412,-0.007330383,-0.002443461,0.0,1.9123296,-1.393683,-11.241336,14.4594584,75.9239489,519.0999755859375,0.012917668,32.099,-1.0,0.0,0.0,STANDING
SESSION_20260901_205752_B498,1788276474433,0.2681506,-0.24660277,9.574412,-0.008552114,-0.0036651916,0.0012217305,1.9123296,-1.393683,-11.241336,14.4594584,75.9239489,519.0999755859375,0.012917668,32.099,-1.0,0.0,0.0,STANDING
SESSION_20260901_205752_B498,1788276474453,0.2681506,-0.24660277,9.574412,-0.008552114,-0.0036651916,0.0012217305,1.9044098,-1.3984725,-11.24249,14.4594584,75.9239489,519.0999755859375,0.012917668,32.099,-1.0,0.0,0.0,STANDING
SESSION_20260901_205752_B498,1788276474453,0.31603462,-0.31364042,9.512163,-0.008552114,-0.0036651916,0.0012217305,1.9044098,-1.3984725,-11.24249,14.4594584,75.9239489,519.0999755859375,0.012917668,32.099,-1.0,0.0,0.0,STANDING
SESSION_20260901_205752_B498,1788276474453,0.31603462,-0.31364042,9.512163,-0.008552114,-0.0036651916,0.0,1.9044098,-1.3984725,-11.24249,14.4594584,75.9239489,519.0999755859375,0.012917668,32.099,-1.0,0.0,0.0,STANDING
SESSION_20260901_205752_B498,1788276474473,0.31603462,-0.31364042,9.512163,-0.008552114,-0.0036651916,0.0,1.908433,-1.4041774,-11.242826,14.4594584,75.9239489,519.0999755859375,0.012917668,32.099,-1.0,0.0,0.0,STANDING
SESSION_20260901_205752_B498,1788276474473,0.23463176,-0.20111294,9.514558,-0.008552114,-0.0036651916,0.0,1.908433,-1.4041774,-11.242826,14.4594584,75.9239489,519.0999755859375,0.012917668,32.099,-1.0,0.0,0.0,STANDING
SESSION_20260901_205752_B498,1788276474473,0.23463176,-0.20111294,9.514558,-0.008552114,-0.002443461,0.0012217305,1.908433,-1.4041774,-11.242826,14.4594584,75.9239489,519.0999755859375,0.012917668,32.099,-1.0,0.0,0.0,STANDING
SESSION_20260901_205752_B498,1788276474493,0.23463176,-0.20111294,9.514558,-0.008552114,-0.002443461,0.0012217305,1.9115913,-1.406843,-11.244018,14.4594584,75.9239489,519.0999755859375,0.012917668,32.099,-1.0,0.0,0.0,STANDING
SESSION_20260901_205752_B498,1788276474493,0.31603462,-0.260968,9.481039,-0.008552114,-0.002443461,0.0012217305,1.9115913,-1.406843,-11.244018,14.4594584,75.9239489,519.0999755859375,0.012917668,32.099,-1.0,0.0,0.0,STANDING
SESSION_20260901_205752_B498,1788276474493,0.31603462,-0.260968,9.481039,-0.008552114,-0.002443461,0.0012217305,1.9115913,-1.406843,-11.244018,14.4594584,75.9239489,519.0999755859375,0.012917668,32.099,-1.0,0.0,0.0,STANDING
SESSION_20260901_205752_B498,1788276474513,0.1436521,-0.2633622,9.5385,-0.008552114,-0.002443461,0.0012217305,1.9115913,-1.406843,-11.244018,14.4594584,75.9239489,519.0999755859375,0.012917668,32.099,-1.0,0.0,0.0,STANDING
SESSION_20260901_205752_B498,1788276474513,0.1436521,-0.2633622,9.5385,-0.008552114,-0.0036651916,0.0,1.9115913,-1.406843,-11.244018,14.4594584,75.9239489,519.0999755859375,0.012917668,32.099,-1.0,0.0,0.0,STANDING
SESSION_20260901_205752_B498,1788276474513,0.1436521,-0.2633622,9.5385,-0.008552114,-0.0036651916,0.0,1.9134617,-1.4117198,-11.244501,14.4594584,75.9239489,519.0999755859375,0.012917668,32.099,-1.0,0.0,0.0,STANDING
SESSION_20260901_205752_B498,1788276474533,0.272939,-0.23223756,9.502586,-0.008552114,-0.0036651916,0.0,1.9134617,-1.4117198,-11.244501,14.4594584,75.9239489,519.0999755859375,0.012917668,32.099,-1.0,0.0,0.0,STANDING
SESSION_20260901_205752_B498,1788276474533,0.272939,-0.23223756,9.502586,-0.008552114,-0.002443461,0.0012217305,1.9134617,-1.4117198,-11.244501,14.4594584,75.9239489,519.0999755859375,0.012917668,32.099,-1.0,0.0,0.0,STANDING
SESSION_20260901_205752_B498,1788276474533,0.272939,-0.23223756,9.502586,-0.008552114,-0.002443461,0.0012217305,1.9095092,-1.412446,-11.244991,14.4594584,75.9239489,519.0999755859375,0.012917668,32.099,-1.0,0.0,0.0,STANDING
SESSION_20260901_205752_B498,1788276474553,0.23223756,-0.24420857,9.619903,-0.008552114,-0.002443461,0.0012217305,1.9095092,-1.412446,-11.244991,14.4594584,75.9239489,519.0999755859375,0.012917668,32.099,-1.0,0.0,0.0,STANDING
SESSION_20260901_205752_B498,1788276474553,0.23223756,-0.24420857,9.619903,-0.007330383,-0.0036651916,0.0,1.9095092,-1.412446,-11.244991,14.4594584,75.9239489,519.0999755859375,0.012917668,32.099,-1.0,0.0,0.0,STANDING
SESSION_20260901_205752_B498,1788276474553,0.23223756,-0.24420857,9.619903,-0.007330383,-0.0036651916,0.0,1.8996229,-1.4149048,-11.24551,14.4594584,75.9239489,519.0999755859375,0.012917668,32.099,-1.0,0.0,0.0,STANDING
SESSION_20260901_205752_B498,1788276474573,0.15322891,-0.34237084,9.572019,-0.007330383,-0.0036651916,0.0,1.8996229,-1.4149048,-11.24551,14.4594584,75.9239489,519.0999755859375,0.012917668,32.099,-1.0,0.0,0.0,STANDING
SESSION_20260901_205752_B498,1788276474573,0.15322891,-0.34237084,9.572019,-0.008552114,-0.0036651916,0.0,1.8996229,-1.4149048,-11.24551,14.4594584,75.9239489,519.0999755859375,0.012917668,32.099,-1.0,0.0,0.0,STANDING
SESSION_20260901_205752_B498,1788276474573,0.15322891,-0.34237084,9.572019,-0.008552114,-0.0036651916,0.0,1.8958781,-1.4166592,-11.245298,14.4594584,75.9239489,519.0999755859375,0.012917668,32.099,-1.0,0.0,0.0,STANDING
SESSION_20260901_205752_B498,1788276474593,0.21068975,-0.24660277,9.528923,-0.008552114,-0.0036651916,0.0,1.8958781,-1.4166592,-11.245298,14.4594584,75.9239489,519.0999755859375,0.012917668,32.099,-1.0,0.0,0.0,STANDING
SESSION_20260901_205752_B498,1788276474593,0.21068975,-0.24660277,9.528923,-0.008552114,-0.0036651916,0.0012217305,1.8958781,-1.4166592,-11.245298,14.4594584,75.9239489,519.0999755859375,0.012917668,32.099,-1.0,0.0,0.0,STANDING
SESSION_20260901_205752_B498,1788276474593,0.21068975,-0.24660277,9.528923,-0.008552114,-0.0036651916,0.0012217305,1.9017375,-1.41642,-11.245935,14.4594584,75.9239489,519.0999755859375,0.012917668,32.099,-1.0,0.0,0.0,STANDING
SESSION_20260901_205752_B498,1788276474613,0.260968,-0.31364042,9.528923,-0.008552114,-0.0036651916,0.0012217305,1.9017375,-1.41642,-11.245935,14.4594584,75.9239489,519.0999755859375,0.012917668,32.099,-1.0,0.0,0.0,STANDING
SESSION_20260901_205752_B498,1788276474613,0.260968,-0.31364042,9.528923,-0.008552114,-0.0036651916,0.0,1.9017375,-1.41642,-11.245935,14.4594584,75.9239489,519.0999755859375,0.012917668,32.099,-1.0,0.0,0.0,STANDING
SESSION_20260901_205752_B498,1788276474613,0.260968,-0.31364042,9.528923,-0.008552114,-0.0036651916,0.0,1.9052333,-1.4167559,-11.246575,14.4594584,75.9239489,519.0999755859375,0.012917668,32.099,-1.0,0.0,0.0,STANDING
SESSION_20260901_205752_B498,1788276474633,0.30166942,-0.33758244,9.569624,-0.008552114,-0.0036651916,0.0,1.9052333,-1.4167559,-11.246575,14.4594584,75.9239489,519.0999755859375,0.012917668,32.099,-1.0,0.0,0.0,STANDING
SESSION_20260901_205752_B498,1788276474633,0.30166942,-0.33758244,9.569624,-0.008552114,-0.0036651916,0.0012217305,1.9052333,-1.4167559,-11.246575,14.4594584,75.9239489,519.0999755859375,0.012917668,32.099,-1.0,0.0,0.0,STANDING
SESSION_20260901_205752_B498,1788276474633,0.30166942,-0.33758244,9.569624,-0.008552114,-0.0036651916,0.0012217305,1.9066155,-1.4214633,-11.246262,14.4594584,75.9239489,519.0999755859375,0.012917668,32.099,-1.0,0.0,0.0,STANDING
SESSION_20260901_205752_B498,1788276474653,0.29209262,-0.30166942,9.459491,-0.008552114,-0.0036651916,0.0012217305,1.9066155,-1.4214633,-11.246262,14.4594584,75.9239489,519.0999755859375,0.012917668,32.099,-1.0,0.0,0.0,STANDING
SESSION_20260901_205752_B498,1788276474653,0.29209262,-0.30166942,9.459491,-0.008552114,-0.0036651916,0.0,1.9066155,-1.4214633,-11.246262,14.4594584,75.9239489,519.0999755859375,0.012917668,32.099,-1.0,0.0,0.0,STANDING
SESSION_20260901_205752_B498,1788276474653,0.29209262,-0.30166942,9.459491,-0.008552114,-0.0036651916,0.0,1.9124256,-1.4276698,-11.247367,14.4594584,75.9239489,519.0999755859375,0.012917668,32.099,-1.0,0.0,0.0,STANDING
SESSION_20260901_205752_B498,1788276474673,0.17238252,-0.19153613,9.55047,-0.008552114,-0.0036651916,0.0,1.9124256,-1.4276698,-11.247367,14.4594584,75.9239489,519.0999755859375,0.012917668,32.099,-1.0,0.0,0.0,STANDING
SESSION_20260901_205752_B498,1788276474673,0.17238252,-0.19153613,9.55047,-0.008552114,-0.002443461,0.0,1.9124256,-1.4276698,-11.247367,14.4594584,75.9239489,519.0999755859375,0.012917668,32.099,-1.0,0.0,0.0,STANDING
SESSION_20260901_205752_B498,1788276474673,0.17238252,-0.19153613,9.55047,-0.008552114,-0.002443461,0.0,1.9222797,-1.4330407,-11.24706,14.4594584,75.9239489,519.0999755859375,0.012917668,32.099,-1.0,0.0,0.0,STANDING
SESSION_20260901_205752_B498,1788276474693,0.21308395,-0.29688102,9.512163,-0.008552114,-0.002443461,0.0,1.9222797,-1.4330407,-11.24706,14.4594584,75.9239489,519.0999755859375,0.012917668,32.099,-1.0,0.0,0.0,STANDING
SESSION_20260901_205752_B498,1788276474693,0.21308395,-0.29688102,9.512163,-0.008552114,-0.0036651916,0.0,1.9222797,-1.4330407,-11.24706,14.4594584,75.9239489,519.0999755859375,0.012917668,32.099,-1.0,0.0,0.0,STANDING
SESSION_20260901_205752_B498,1788276474693,0.21308395,-0.29688102,9.512163,-0.008552114,-0.0036651916,0.0,1.9310751,-1.43574,-11.2474985,14.4594584,75.9239489,519.0999755859375,0.012917668,32.099,-1.0,0.0,0.0,STANDING
SESSION_20260901_205752_B498,1788276474713,0.22266077,-0.22266077,9.569624,-0.008552114,-0.0036651916,0.0,1.9310751,-1.43574,-11.2474985,14.4594584,75.9239489,519.0999755859375,0.012917668,32.099,-1.0,0.0,0.0,STANDING
SESSION_20260901_205752_B498,1788276474713,0.22266077,-0.22266077,9.569624,-0.008552114,-0.0036651916,0.0,1.9310751,-1.43574,-11.2474985,14.4594584,75.9239489,519.0999755859375,0.012917668,32.099,-1.0,0.0,0.0,STANDING
SESSION_20260901_205752_B498,1788276474713,0.22266077,-0.22266077,9.569624,-0.008552114,-0.0036651916,0.0,1.9386284,-1.4399554,-11.247241,14.4594584,75.9239489,519.0999755859375,0.012917668,32.099,-1.0,0.0,0.0,STANDING
SESSION_20260901_205752_B498,1788276474733,0.21547815,-0.35434186,9.598354,-0.008552114,-0.0036651916,0.0,1.9386284,-1.4399554,-11.247241,14.4594584,75.9239489,519.0999755859375,0.012917668,32.099,-1.0,0.0,0.0,STANDING
SESSION_20260901_205752_B498,1788276474733,0.21547815,-0.35434186,9.598354,-0.008552114,-0.0036651916,0.0,1.9386284,-1.4399554,-11.247241,14.4594584,75.9239489,519.0999755859375,0.012917668,32.099,-1.0,0.0,0.0,STANDING
SESSION_20260901_205752_B498,1788276474733,0.21547815,-0.35434186,9.598354,-0.008552114,-0.0036651916,0.0,1.936898,-1.4434693,-11.246975,14.4594584,75.9239489,519.0999755859375,0.012917668,32.099,-1.0,0.0,0.0,STANDING
SESSION_20260901_205752_B498,1788276474753,0.1604115,-0.37110126,9.526528,-0.008552114,-0.0036651916,0.0,1.936898,-1.4434693,-11.246975,14.4594584,75.9239489,519.0999755859375,0.012917668,32.099,-1.0,0.0,0.0,STANDING
SESSION_20260901_205752_B498,1788276474753,0.1604115,-0.37110126,9.526528,-0.008552114,-0.002443461,0.0012217305,1.936898,-1.4434693,-11.246975,14.4594584,75.9239489,519.0999755859375,0.012917668,32.099,-1.0,0.0,0.0,STANDING
SESSION_20260901_205752_B498,1788276474753,0.1604115,-0.37110126,9.526528,-0.008552114,-0.002443461,0.0012217305,1.9418968,-1.4450426,-11.247464,14.4594584,75.9239489,519.0999755859375,0.012917668,32.099,-1.0,0.0,0.0,STANDING
SESSION_20260901_205752_B498,1788276474773,0.14844051,-0.36152446,9.574412,-0.008552114,-0.002443461,0.0012217305,1.9418968,-1.4450426,-11.247464,14.4594584,75.9239489,519.0999755859375,0.012917668,32.099,-1.0,0.0,0.0,STANDING
SESSION_20260901_205752_B498,1788276474773,0.14844051,-0.36152446,9.574412,-0.008552114,-0.002443461,0.0012217305,1.9418968,-1.4450426,-11.247464,14.4594584,75.9239489,519.0999755859375,0.012917668,32.099,-1.0,0.0,0.0,STANDING
SESSION_20260901_205752_B498,1788276474773,0.14844051,-0.36152446,9.574412,-0.008552114,-0.002443461,0.0012217305,1.9498978,-1.4430858,-11.248675,14.4594584,75.9239489,519.0999755859375,0.012917668,32.099,-1.0,0.0,0.0,STANDING
SESSION_20260901_205752_B498,1788276474793,0.11971009,-0.4141969,9.5385,-0.008552114,-0.002443461,0.0012217305,1.9498978,-1.4430858,-11.248675,14.4594584,75.9239489,519.0999755859375,0.012917668,32.099,-1.0,0.0,0.0,STANDING
SESSION_20260901_205752_B498,1788276474793,0.11971009,-0.4141969,9.5385,-0.007330383,-0.0036651916,0.0012217305,1.9498978,-1.4430858,-11.248675,14.4594584,75.9239489,519.0999755859375,0.012917668,32.099,-1.0,0.0,0.0,STANDING
SESSION_20260901_205752_B498,1788276474793,0.11971009,-0.4141969,9.5385,-0.007330383,-0.0036651916,0.0012217305,1.9550902,-1.438291,-11.2501955,14.4594584,75.9239489,519.0999755859375,0.012917668,32.099,-1.0,0.0,0.0,STANDING
SESSION_20260901_205752_B498,1788276474813,0.17477672,-0.41180268,9.629479,-0.007330383,-0.0036651916,0.0012217305,1.9550902,-1.438291,-11.2501955,14.4594584,75.9239489,519.0999755859375,0.012917668,32.099,-1.0,0.0,0.0,STANDING
SESSION_20260901_205752_B498,1788276474813,0.17477672,-0.41180268,9.629479,-0.008552114,-0.002443461,0.0,1.9550902,-1.438291,-11.2501955,14.4594584,75.9239489,519.0999755859375,0.012917668,32.099,-1.0,0.0,0.0,STANDING
SESSION_20260901_205752_B498,1788276474813,0.17477672,-0.41180268,9.629479,-0.008552114,-0.002443461,0.0,1.9585595,-1.4265193,-11.251955,14.4594584,75.9239489,519.0999755859375,0.012917668,32.099,-1.0,0.0,0.0,STANDING
SESSION_20260901_205752_B498,1788276474834,0.12928689,-0.35673606,9.557653,-0.008552114,-0.002443461,0.0,1.9585595,-1.4265193,-11.251955,14.4594584,75.9239489,519.0999755859375,0.012917668,32.099,-1.0,0.0,0.0,STANDING
SESSION_20260901_205752_B498,1788276474834,0.12928689,-0.35673606,9.557653,-0.008552114,-0.0036651916,0.0012217305,1.9585595,-1.4265193,-11.251955,14.4594584,75.9239489,519.0999755859375,0.012917668,32.099,-1.0,0.0,0.0,STANDING
SESSION_20260901_205752_B498,1788276474834,0.12928689,-0.35673606,9.557653,-0.008552114,-0.0036651916,0.0012217305,1.965544,-1.4143012,-11.252885,14.4594584,75.9239489,519.0999755859375,0.012917668,32.099,-1.0,0.0,0.0,STANDING
SESSION_20260901_205752_B498,1788276474854,0.2896984,-0.20829555,9.593566,-0.008552114,-0.0036651916,0.0012217305,1.965544,-1.4143012,-11.252885,14.4594584,75.9239489,519.0999755859375,0.012917668,32.099,-1.0,0.0,0.0,STANDING
SESSION_20260901_205752_B498,1788276474854,0.2896984,-0.20829555,9.593566,-0.008552114,-0.0036651916,0.0012217305,1.965544,-1.4143012,-11.252885,14.4594584,75.9239489,519.0999755859375,0.012917668,32.099,-1.0,0.0,0.0,STANDING
SESSION_20260901_205752_B498,1788276474854,0.2896984,-0.20829555,9.593566,-0.008552114,-0.0036651916,0.0012217305,1.9719087,-1.3956759,-11.254837,14.4594584,75.9239489,519.0999755859375,0.012917668,32.099,-1.0,0.0,0.0,STANDING
SESSION_20260901_205752_B498,1788276474874,0.16998832,-0.33039984,9.528923,-0.008552114,-0.0036651916,0.0012217305,1.9719087,-1.3956759,-11.254837,14.4594584,75.9239489,519.0999755859375,0.012917668,32.099,-1.0,0.0,0.0,STANDING
SESSION_20260901_205752_B498,1788276474874,0.16998832,-0.33039984,9.528923,-0.008552114,-0.0036651916,0.0,1.9719087,-1.3956759,-11.254837,14.4594584,75.9239489,519.0999755859375,0.012917668,32.099,-1.0,0.0,0.0,STANDING
SESSION_20260901_205752_B498,1788276474874,0.16998832,-0.33039984,9.528923,-0.008552114,-0.0036651916,0.0,1.9674567,-1.3889598,-11.255684,14.4594584,75.9239489,519.0999755859375,0.012917668,32.099,-1.0,0.0,0.0,STANDING
SESSION_20260901_205752_B498,1788276474894,0.22266077,-0.32561144,9.560047,-0.008552114,-0.0036651916,0.0,1.9674567,-1.3889598,-11.255684,14.4594584,75.9239489,519.0999755859375,0.012917668,32.099,-1.0,0.0,0.0,STANDING
SESSION_20260901_205752_B498,1788276474894,0.22266077,-0.32561144,9.560047,-0.008552114,-0.0036651916,0.0,1.9674567,-1.3889598,-11.255684,14.4594584,75.9239489,519.0999755859375,0.012917668,32.099,-1.0,0.0,0.0,STANDING
SESSION_20260901_205752_B498,1788276474894,0.22266077,-0.32561144,9.560047,-0.008552114,-0.0036651916,0.0,1.9687017,-1.3864198,-11.255595,14.4594584,75.9239489,519.0999755859375,0.012917668,32.099,-1.0,0.0,0.0,STANDING
SESSION_20260901_205752_B498,1788276474914,0.29209262,-0.30645782,9.514558,-0.008552114,-0.0036651916,0.0,1.9687017,-1.3864198,-11.255595,14.4594584,75.9239489,519.0999755859375,0.012917668,32.099,-1.0,0.0,0.0,STANDING
SESSION_20260901_205752_B498,1788276474914,0.29209262,-0.30645782,9.514558,-0.008552114,-0.0036651916,0.0,1.9687017,-1.3864198,-11.255595,14.4594584,75.9239489,519.0999755859375,0.012917668,32.099,-1.0,0.0,0.0,STANDING
SESSION_20260901_205752_B498,1788276474914,0.29209262,-0.30645782,9.514558,-0.008552114,-0.0036651916,0.0,1.972516,-1.387649,-11.256113,14.4594584,75.9239489,519.0999755859375,0.012917668,32.099,-1.0,0.0,0.0,STANDING
SESSION_20260901_205752_B498,1788276474934,0.24660277,-0.32800564,9.574412,-0.008552114,-0.0036651916,0.0,1.972516,-1.387649,-11.256113,14.4594584,75.9239489,519.0999755859375,0.012917668,32.099,-1.0,0.0,0.0,STANDING
SESSION_20260901_205752_B498,1788276474934,0.24660277,-0.32800564,9.574412,-0.008552114,-0.002443461,0.0012217305,1.972516,-1.387649,-11.256113,14.4594584,75.9239489,519.0999755859375,0.012917668,32.099,-1.0,0.0,0.0,STANDING
SESSION_20260901_205752_B498,1788276474934,0.24660277,-0.32800564,9.574412,-0.008552114,-0.002443461,0.0012217305,1.9756931,-1.3906811,-11.255924,14.4594584,75.9239489,519.0999755859375,0.012917668,32.099,-1.0,0.0,0.0,STANDING
SESSION_20260901_205752_B498,1788276474954,0.260968,-0.33997664,9.519346,-0.008552114,-0.002443461,0.0012217305,1.9756931,-1.3906811,-11.255924,14.4594584,75.9239489,519.0999755859375,0.012917668,32.099,-1.0,0.0,0.0,STANDING
SESSION_20260901_205752_B498,1788276474954,0.260968,-0.33997664,9.519346,-0.008552114,-0.0036651916,0.0,1.9756931,-1.3906811,-11.255924,14.4594584,75.9239489,519.0999755859375,0.012917668,32.099,-1.0,0.0,0.0,STANDING
SESSION_20260901_205752_B498,1788276474954,0.260968,-0.33997664,9.519346,-0.008552114,-0.0036651916,0.0,1.9800018,-1.3933464,-11.2570915,14.4594584,75.9239489,519.0999755859375,0.012917668,32.099,-1.0,0.0,0.0,STANDING
SESSION_20260901_205752_B498,1788276474974,0.2705448,-0.39264908,9.552865,-0.008552114,-0.0036651916,0.0,1.9800018,-1.3933464,-11.2570915,14.4594584,75.9239489,519.0999755859375,0.012917668,32.099,-1.0,0.0,0.0,STANDING
SESSION_20260901_205752_B498,1788276474974,0.2705448,-0.39264908,9.552865,-0.008552114,-0.002443461,0.0012217305,1.9800018,-1.3933464,-11.2570915,14.4594584,75.9239489,519.0999755859375,0.012917668,32.099,-1.0,0.0,0.0,STANDING
SESSION_20260901_205752_B498,1788276474974,0.2705448,-0.39264908,9.552865,-0.008552114,-0.002443461,0.0012217305,1.9764055,-1.4000312,-11.257373,14.4594584,75.9239489,519.0999755859375,0.012917668,32.099,-1.0,0.0,0.0,STANDING
SESSION_20260901_205752_B498,1788276474994,0.18435353,-0.2896984,9.52174,-0.008552114,-0.002443461,0.0012217305,1.9764055,-1.4000312,-11.257373,14.4594584,75.9239489,519.0999755859375,0.012917668,32.099,-1.0,0.0,0.0,STANDING
SESSION_20260901_205752_B498,1788276474994,0.18435353,-0.2896984,9.52174,-0.008552114,-0.002443461,0.0012217305,1.9764055,-1.4000312,-11.257373,14.4594584,75.9239489,519.0999755859375,0.012917668,32.099,-1.0,0.0,0.0,STANDING
SESSION_20260901_205752_B498,1788276474994,0.18435353,-0.2896984,9.52174,-0.008552114,-0.002443461,0.0012217305,1.9805869,-1.4061793,-11.2576885,14.4594584,75.9239489,519.0999755859375,0.012917668,32.099,-1.0,0.0,0.0,STANDING
SESSION_20260901_205752_B498,1788276475014,0.22026655,-0.36152446,9.524135,-0.008552114,-0.002443461,0.0012217305,1.9805869,-1.4061793,-11.2576885,14.4594584,75.9239489,519.0999755859375,0.012917668,32.099,-1.0,0.0,0.0,STANDING
SESSION_20260901_205752_B498,1788276475014,0.22026655,-0.36152446,9.524135,-0.008552114,-0.0036651916,0.0012217305,1.9805869,-1.4061793,-11.2576885,14.4594584,75.9239489,519.0999755859375,0.012917668,32.099,-1.0,0.0,0.0,STANDING
SESSION_20260901_205752_B498,1788276475014,0.22026655,-0.36152446,9.524135,-0.008552114,-0.0036651916,0.0012217305,1.9858092,-1.4099091,-11.258842,14.4594584,75.9239489,519.0999755859375,0.012917668,32.099,-1.0,0.0,0.0,STANDING
SESSION_20260901_205752_B498,1788276475034,0.18914193,-0.25857377,9.543288,-0.008552114,-0.0036651916,0.0012217305,1.9858092,-1.4099091,-11.258842,14.4594584,75.9239489,519.0999755859375,0.012917668,32.099,-1.0,0.0,0.0,STANDING
SESSION_20260901_205752_B498,1788276475034,0.18914193,-0.25857377,9.543288,-0.008552114,-0.002443461,0.0,1.9858092,-1.4099091,-11.258842,14.4594584,75.9239489,519.0999755859375,0.012917668,32.099,-1.0,0.0,0.0,STANDING
SESSION_20260901_205752_B498,1788276475034,0.18914193,-0.25857377,9.543288,-0.008552114,-0.002443461,0.0,1.9903276,-1.4136009,-11.259421,14.4594584,75.9239489,519.0999755859375,0.012917668,32.099,-1.0,0.0,0.0,STANDING
SESSION_20260901_205752_B498,1788276475054,0.28491,-0.30406362,9.607931,-0.008552114,-0.002443461,0.0,1.9903276,-1.4136009,-11.259421,14.4594584,75.9239489,519.0999755859375,0.012917668,32.099,-1.0,0.0,0.0,STANDING
SESSION_20260901_205752_B498,1788276475054,0.28491,-0.30406362,9.607931,-0.008552114,-0.0036651916,0.0,1.9903276,-1.4136009,-11.259421,14.4594584,75.9239489,519.0999755859375,0.012917668,32.099,-1.0,0.0,0.0,STANDING
SESSION_20260901_205752_B498,1788276475054,0.28491,-0.30406362,9.607931,-0.008552114,-0.0036651916,0.0,1.9895946,-1.4130881,-11.260018,14.4594584,75.9239489,519.0999755859375,0.012917668,32.099,-1.0,0.0,0.0,STANDING
SESSION_20260901_205752_B498,1788276475074,0.21787235,-0.33518824,9.536105,-0.008552114,-0.0036651916,0.0,1.9895946,-1.4130881,-11.260018,14.4594584,75.9239489,519.0999755859375,0.012917668,32.099,-1.0,0.0,0.0,STANDING
SESSION_20260901_205752_B498,1788276475074,0.21787235,-0.33518824,9.536105,-0.008552114,-0.002443461,0.0,1.9895946,-1.4130881,-11.260018,14.4594584,75.9239489,519.0999755859375,0.012917668,32.099,-1.0,0.0,0.0,STANDING
SESSION_20260901_205752_B498,1788276475074,0.21787235,-0.33518824,9.536105,-0.008552114,-0.002443461,0.0,1.989051,-1.4169472,-11.259731,14.4594584,75.9239489,519.0999755859375,0.012917668,32.099,-1.0,0.0,0.0,STANDING
SESSION_20260901_205752_B498,1788276475094,0.20350714,-0.21068975,9.603143,-0.008552114,-0.002443461,0.0,1.989051,-1.4169472,-11.259731,14.4594584,75.9239489,519.0999755859375,0.012917668,32.099,-1.0,0.0,0.0,STANDING
SESSION_20260901_205752_B498,1788276475094,0.20350714,-0.21068975,9.603143,-0.009773844,-0.0036651916,0.0012217305,1.989051,-1.4169472,-11.259731,14.4594584,75.9239489,519.0999755859375,0.012917668,32.099,-1.0,0.0,0.0,STANDING
SESSION_20260901_205752_B498,1788276475094,0.20350714,-0.21068975,9.603143,-0.009773844,-0.0036651916,0.0012217305,1.9911352,-1.418243,-11.259578,14.4594584,75.9239489,519.0999755859375,0.012917668,32.099,-1.0,0.0,0.0,STANDING
SESSION_20260901_205752_B498,1788276475114,0.20590134,-0.2896984,9.586384,-0.009773844,-0.0036651916,0.0012217305,1.9911352,-1.418243,-11.259578,14.4594584,75.9239489,519.0999755859375,0.012917668,32.099,-1.0,0.0,0.0,STANDING
SESSION_20260901_205752_B498,1788276475114,0.20590134,-0.2896984,9.586384,-0.008552114,-0.0036651916,0.0,1.9911352,-1.418243,-11.259578,14.4594584,75.9239489,519.0999755859375,0.012917668,32.099,-1.0,0.0,0.0,STANDING
SESSION_20260901_205752_B498,1788276475114,0.20590134,-0.2896984,9.586384,-0.008552114,-0.0036651916,0.0,1.9864875,-1.4164886,-11.260914,14.4594584,75.9239489,519.0999755859375,0.012917668,32.099,-1.0,0.0,0.0,STANDING
SESSION_20260901_205752_B498,1788276475134,0.2633622,-0.2657564,9.540894,-0.008552114,-0.0036651916,0.0,1.9864875,-1.4164886,-11.260914,14.4594584,75.9239489,519.0999755859375,0.012917668,32.099,-1.0,0.0,0.0,STANDING
SESSION_20260901_205752_B498,1788276475134,0.2633622,-0.2657564,9.540894,-0.008552114,-0.0036651916,0.0012217305,1.9864875,-1.4164886,-11.260914,14.4594584,75.9239489,519.0999755859375,0.012917668,32.099,-1.0,0.0,0.0,STANDING
SESSION_20260901_205752_B498,1788276475134,0.2633622,-0.2657564,9.540894,-0.008552114,-0.0036651916,0.0012217305,1.9796165,-1.4122123,-11.260944,14.4594584,75.9239489,519.0999755859375,0.012917668,32.099,-1.0,0.0,0.0,STANDING
SESSION_20260901_205752_B498,1788276475154,0.19153613,-0.1316811,9.540894,-0.008552114,-0.0036651916,0.0012217305,1.9796165,-1.4122123,-11.260944,14.4594584,75.9239489,519.0999755859375,0.012917668,32.099,-1.0,0.0,0.0,STANDING
SESSION_20260901_205752_B498,1788276475154,0.19153613,-0.1316811,9.540894,-0.008552114,-0.0036651916,0.0012217305,1.9796165,-1.4122123,-11.260944,14.4594584,75.9239489,519.0999755859375,0.012917668,32.099,-1.0,0.0,0.0,STANDING
SESSION_20260901_205752_B498,1788276475154,0.19153613,-0.1316811,9.540894,-0.008552114,-0.0036651916,0.0012217305,1.9626553,-1.4093673,-11.262324,14.4594584,75.9239489,519.0999755859375,0.012917668,32.099,-1.0,0.0,0.0,STANDING
SESSION_20260901_205752_B498,1788276475174,0.16519992,-0.320823,9.591172,-0.008552114,-0.0036651916,0.0012217305,1.9626553,-1.4093673,-11.262324,14.4594584,75.9239489,519.0999755859375,0.012917668,32.099,-1.0,0.0,0.0,STANDING
SESSION_20260901_205752_B498,1788276475174,0.16519992,-0.320823,9.591172,-0.008552114,-0.002443461,0.0,1.9626553,-1.4093673,-11.262324,14.4594584,75.9239489,519.0999755859375,0.012917668,32.099,-1.0,0.0,0.0,STANDING
SESSION_20260901_205752_B498,1788276475174,0.16519992,-0.320823,9.591172,-0.008552114,-0.002443461,0.0,1.9205512,-1.3992121,-11.263391,14.4594584,75.9239489,519.0999755859375,0.012917668,32.099,-1.0,0.0,0.0,STANDING
SESSION_20260901_205752_B498,1788276475194,0.2801216,-0.22744916,9.574412,-0.008552114,-0.002443461,0.0,1.9205512,-1.3992121,-11.263391,14.4594584,75.9239489,519.0999755859375,0.012917668,32.099,-1.0,0.0,0.0,STANDING
SESSION_20260901_205752_B498,1788276475194,0.2801216,-0.22744916,9.574412,-0.008552114,-0.002443461,0.0012217305,1.9205512,-1.3992121,-11.263391,14.4594584,75.9239489,519.0999755859375,0.012917668,32.099,-1.0,0.0,0.0,STANDING
SESSION_20260901_205752_B498,1788276475194,0.2801216,-0.22744916,9.574412,-0.008552114,-0.002443461,0.0012217305,1.9113849,-1.3926164,-11.264043,14.4594584,75.9239489,519.0999755859375,0.012917668,32.099,-1.0,0.0,0.0,STANDING
SESSION_20260901_205752_B498,1788276475214,0.24420857,-0.24660277,9.591172,-0.008552114,-0.002443461,0.0012217305,1.9113849,-1.3926164,-11.264043,14.4594584,75.9239489,519.0999755859375,0.012917668,32.099,-1.0,0.0,0.0,STANDING
SESSION_20260901_205752_B498,1788276475214,0.24420857,-0.24660277,9.591172,-0.007330383,-0.002443461,0.0012217305,1.9113849,-1.3926164,-11.264043,14.4594584,75.9239489,519.0999755859375,0.012917668,32.099,-1.0,0.0,0.0,STANDING
SESSION_20260901_205752_B498,1788276475214,0.24420857,-0.24660277,9.591172,-0.007330383,-0.002443461,0.0012217305,1.9099998,-1.3936658,-11.264621,14.4594584,75.9239489,519.0999755859375,0.012917668,32.099,-1.0,0.0,0.0,STANDING
SESSION_20260901_205752_B498,1788276475234,0.18435353,-0.32561144,9.543288,-0.007330383,-0.002443461,0.0012217305,1.9099998,-1.3936658,-11.264621,14.4594584,75.9239489,519.0999755859375,0.012917668,32.099,-1.0,0.0,0.0,STANDING
SESSION_20260901_205752_B498,1788276475234,0.18435353,-0.32561144,9.543288,-0.008552114,-0.0036651916,0.0,1.9099998,-1.3936658,-11.264621,14.4594584,75.9239489,519.0999755859375,0.012917668,32.099,-1.0,0.0,0.0,STANDING
SESSION_20260901_205752_B498,1788276475234,0.18435353,-0.32561144,9.543288,-0.008552114,-0.0036651916,0.0,1.9069419,-1.3929191,-11.265356,14.4594584,75.9239489,519.0999755859375,0.012917668,32.099,-1.0,0.0,0.0,STANDING
SESSION_20260901_205752_B498,1788276475254,0.1388637,-0.25378537,9.581595,-0.008552114,-0.0036651916,0.0,1.9069419,-1.3929191,-11.265356,14.4594584,75.9239489,519.0999755859375,0.012917668,32.099,-1.0,0.0,0.0,STANDING
SESSION_20260901_205752_B498,1788276475254,0.1388637,-0.25378537,9.581595,-0.008552114,-0.0036651916,0.0,1.9069419,-1.3929191,-11.265356,14.4594584,75.9239489,519.0999755859375,0.012917668,32.099,-1.0,0.0,0.0,STANDING
SESSION_20260901_205752_B498,1788276475254,0.1388637,-0.25378537,9.581595,-0.008552114,-0.0036651916,0.0,1.9086108,-1.38999,-11.265383,14.4594584,75.9239489,519.0999755859375,0.012917668,32.099,-1.0,0.0,0.0,STANDING
SESSION_20260901_205752_B498,1788276475274,0.2801216,-0.34955344,9.524135,-0.008552114,-0.0036651916,0.0,1.9086108,-1.38999,-11.265383,14.4594584,75.9239489,519.0999755859375,0.012917668,32.099,-1.0,0.0,0.0,STANDING
SESSION_20260901_205752_B498,1788276475274,0.2801216,-0.34955344,9.524135,-0.009773844,-0.0036651916,0.0,1.9086108,-1.38999,-11.265383,14.4594584,75.9239489,519.0999755859375,0.012917668,32.099,-1.0,0.0,0.0,STANDING
SESSION_20260901_205752_B498,1788276475274,0.2801216,-0.34955344,9.524135,-0.009773844,-0.0036651916,0.0,1.9032956,-1.3746123,-11.265789,14.4594584,75.9239489,519.0999755859375,0.012917668,32.099,-1.0,0.0,0.0,STANDING
SESSION_20260901_205752_B498,1788276475294,0.18435353,-0.32561144,9.516952,-0.009773844,-0.0036651916,0.0,1.9032956,-1.3746123,-11.265789,14.4594584,75.9239489,519.0999755859375,0.012917668,32.099,-1.0,0.0,0.0,STANDING
SESSION_20260901_205752_B498,1788276475294,0.18435353,-0.32561144,9.516952,-0.008552114,-0.002443461,0.0,1.9032956,-1.3746123,-11.265789,14.4594584,75.9239489,519.0999755859375,0.012917668,32.099,-1.0,0.0,0.0,STANDING
SESSION_20260901_205752_B498,1788276475294,0.18435353,-0.32561144,9.516952,-0.008552114,-0.002443461,0.0,1.9071677,-1.3693818,-11.266642,14.4594584,75.9239489,519.0999755859375,0.012917668,32.099,-1.0,0.0,0.0,STANDING
SESSION_20260901_205752_B498,1788276475315,0.14604631,-0.30166942,9.52174,-0.008552114,-0.002443461,0.0,1.9071677,-1.3693818,-11.266642,14.4594584,75.9239489,519.0999755859375,0.012917668,32.099,-1.0,0.0,0.0,STANDING
SESSION_20260901_205752_B498,1788276475315,0.14604631,-0.30166942,9.52174,-0.008552114,-0.0036651916,0.0,1.9071677,-1.3693818,-11.266642,14.4594584,75.9239489,519.0999755859375,0.012917668,32.099,-1.0,0.0,0.0,STANDING
SESSION_20260901_205752_B498,1788276475315,0.14604631,-0.30166942,9.52174,-0.008552114,-0.0036651916,0.0,1.9120457,-1.3627967,-11.266695,14.4594584,75.9239489,519.0999755859375,0.012917668,32.099,-1.0,0.0,0.0,STANDING
SESSION_20260901_205752_B498,1788276475335,0.33758244,-0.272939,9.502586,-0.008552114,-0.0036651916,0.0,1.9120457,-1.3627967,-11.266695,14.4594584,75.9239489,519.0999755859375,0.012917668,32.099,-1.0,0.0,0.0,STANDING
SESSION_20260901_205752_B498,1788276475335,0.33758244,-0.272939,9.502586,-0.008552114,-0.0036651916,0.0,1.9120457,-1.3627967,-11.266695,14.4594584,75.9239489,519.0999755859375,0.012917668,32.099,-1.0,0.0,0.0,STANDING
SESSION_20260901_205752_B498,1788276475335,0.33758244,-0.272939,9.502586,-0.008552114,-0.0036651916,0.0,1.9107807,-1.3534744,-11.266851,14.4594584,75.9239489,519.0999755859375,0.012917668,32.099,-1.0,0.0,0.0,STANDING
SESSION_20260901_205752_B498,1788276475355,0.22505496,-0.30166942,9.528923,-0.008552114,-0.0036651916,0.0,1.9107807,-1.3534744,-11.266851,14.4594584,75.9239489,519.0999755859375,0.012917668,32.099,-1.0,0.0,0.0,STANDING
SESSION_20260901_205752_B498,1788276475355,0.22505496,-0.30166942,9.528923,-0.008552114,-0.0036651916,0.0,1.9107807,-1.3534744,-11.266851,14.4594584,75.9239489,519.0999755859375,0.012917668,32.099,-1.0,0.0,0.0,STANDING
SESSION_20260901_205752_B498,1788276475355,0.22505496,-0.30166942,9.528923,-0.008552114,-0.0036651916,0.0,1.9084499,-1.355548,-11.266725,14.4594584,75.9239489,519.0999755859375,0.012917668,32.099,-1.0,0.0,0.0,STANDING
SESSION_20260901_205752_B498,1788276475375,0.22266077,-0.20111294,9.564836,-0.008552114,-0.0036651916,0.0,1.9084499,-1.355548,-11.266725,14.4594584,75.9239489,519.0999755859375,0.012917668,32.099,-1.0,0.0,0.0,STANDING
SESSION_20260901_205752_B498,1788276475375,0.22266077,-0.20111294,9.564836,-0.008552114,-0.0036651916,0.0012217305,1.9084499,-1.355548,-11.266725,14.4594584,75.9239489,519.0999755859375,0.012917668,32.099,-1.0,0.0,0.0,STANDING
SESSION_20260901_205752_B498,1788276475375,0.22266077,-0.20111294,9.564836,-0.008552114,-0.0036651916,0.0012217305,1.9088656,-1.3561889,-11.2672825,14.4594584,75.9239489,519.0999755859375,0.012917668,32.099,-1.0,0.0,0.0,STANDING
SESSION_20260901_205752_B498,1788276475395,0.22984336,-0.25857377,9.545682,-0.008552114,-0.0036651916,0.0012217305,1.9088656,-1.3561889,-11.2672825,14.4594584,75.9239489,519.0999755859375,0.012917668,32.099,-1.0,0.0,0.0,STANDING
SESSION_20260901_205752_B498,1788276475395,0.22984336,-0.25857377,9.545682,-0.008552114,-0.0012217305,0.0012217305,1.9088656,-1.3561889,-11.2672825,14.4594584,75.9239489,519.0999755859375,0.012917668,32.099,-1.0,0.0,0.0,STANDING
SESSION_20260901_205752_B498,1788276475395,0.22984336,-0.25857377,9.545682,-0.008552114,-0.0012217305,0.0012217305,1.9009649,-1.3564869,-11.268509,14.4594584,75.9239489,519.0999755859375,0.012917668,32.099,-1.0,0.0,0.0,STANDING
SESSION_20260901_205752_B498,1788276475415,0.2801216,-0.32800564,9.574412,-0.008552114,-0.0012217305,0.0012217305,1.9009649,-1.3564869,-11.268509,14.4594584,75.9239489,519.0999755859375,0.012917668,32.099,-1.0,0.0,0.0,STANDING
SESSION_20260901_205752_B498,1788276475415,0.2801216,-0.32800564,9.574412,-0.009773844,-0.002443461,0.0012217305,1.9009649,-1.3564869,-11.268509,14.4594584,75.9239489,519.0999755859375,0.012917668,32.099,-1.0,0.0,0.0,STANDING
SESSION_20260901_205752_B498,1788276475415,0.2801216,-0.32800564,9.574412,-0.009773844,-0.002443461,0.0012217305,1.8955034,-1.358159,-11.269695,14.4594584,75.9239489,519.0999755859375,0.012917668,32.099,-1.0,0.0,0.0,STANDING
SESSION_20260901_205752_B498,1788276475435,0.30406362,-0.34237084,9.603143,-0.009773844,-0.002443461,0.0012217305,1.8955034,-1.358159,-11.269695,14.4594584,75.9239489,519.0999755859375,0.012917668,32.099,-1.0,0.0,0.0,STANDING
SESSION_20260901_205752_B498,1788276475435,0.30406362,-0.34237084,9.603143,-0.008552114,-0.002443461,0.0012217305,1.8955034,-1.358159,-11.269695,14.4594584,75.9239489,519.0999755859375,0.012917668,32.099,-1.0,0.0,0.0,STANDING
SESSION_20260901_205752_B498,1788276475435,0.30406362,-0.34237084,9.603143,-0.008552114,-0.002443461,0.0012217305,1.8979969,-1.362273,-11.270756,14.4594584,75.9239489,519.0999755859375,0.012917668,32.099,-1.0,0.0,0.0,STANDING
SESSION_20260901_205752_B498,1788276475455,0.2873042,-0.32800564,9.572019,-0.008552114,-0.002443461,0.0012217305,1.8979969,-1.362273,-11.270756,14.4594584,75.9239489,519.0999755859375,0.012917668,32.099,-1.0,0.0,0.0,STANDING
SESSION_20260901_205752_B498,1788276475455,0.2873042,-0.32800564,9.572019,-0.008552114,-0.002443461,0.0,1.8979969,-1.362273,-11.270756,14.4594584,75.9239489,519.0999755859375,0.012917668,32.099,-1.0,0.0,0.0,STANDING
SESSION_20260901_205752_B498,1788276475455,0.2873042,-0.32800564,9.572019,-0.008552114,-0.002443461,0.0,1.9023893,-1.3670174,-11.271221,14.4594584,75.9239489,519.0999755859375,0.012917668,32.099,-1.0,0.0,0.0,STANDING
SESSION_20260901_205752_B498,1788276475475,0.2753332,-0.12928689,9.507375,-0.008552114,-0.002443461,0.0,1.9023893,-1.3670174,-11.271221,14.4594584,75.9239489,519.0999755859375,0.012917668,32.099,-1.0,0.0,0.0,STANDING
SESSION_20260901_205752_B498,1788276475475,0.2753332,-0.12928689,9.507375,-0.009773844,-0.0036651916,0.0,1.9023893,-1.3670174,-11.271221,14.4594584,75.9239489,519.0999755859375,0.012917668,32.099,-1.0,0.0,0.0,STANDING
SESSION_20260901_205752_B498,1788276475475,0.2753332,-0.12928689,9.507375,-0.009773844,-0.0036651916,0.0,1.9073384,-1.37159,-11.27167,14.4594584,75.9239489,519.0999755859375,0.012917668,32.099,-1.0,0.0,0.0,STANDING
SESSION_20260901_205752_B498,1788276475495,0.22984336,-0.41180268,9.555259,-0.009773844,-0.0036651916,0.0,1.9073384,-1.37159,-11.27167,14.4594584,75.9239489,519.0999755859375,0.012917668,32.099,-1.0,0.0,0.0,STANDING
SESSION_20260901_205752_B498,1788276475495,0.22984336,-0.41180268,9.555259,-0.008552114,-0.002443461,0.0012217305,1.9073384,-1.37159,-11.27167,14.4594584,75.9239489,519.0999755859375,0.012917668,32.099,-1.0,0.0,0.0,STANDING
SESSION_20260901_205752_B498,1788276475495,0.22984336,-0.41180268,9.555259,-0.008552114,-0.002443461,0.0012217305,1.8972101,-1.3775465,-11.271222,14.4594584,75.9239489,519.0999755859375,0.012917668,32.099,-1.0,0.0,0.0,STANDING
SESSION_20260901_205752_B498,1788276475515,0.21068975,-0.2681506,9.56723,-0.008552114,-0.002443461,0.0012217305,1.8972101,-1.3775465,-11.271222,14.4594584,75.9239489,519.0999755859375,0.012917668,32.099,-1.0,0.0,0.0,STANDING
SESSION_20260901_205752_B498,1788276475515,0.21068975,-0.2681506,9.56723,-0.008552114,-0.002443461,0.0012217305,1.8972101,-1.3775465,-11.271222,14.4594584,75.9239489,519.0999755859375,0.012917668,32.099,-1.0,0.0,0.0,STANDING
SESSION_20260901_205752_B498,1788276475515,0.21068975,-0.2681506,9.56723,-0.008552114,-0.002443461,0.0012217305,1.9062076,-1.3810176,-11.272453,14.4594584,75.9239489,519.0999755859375,0.012917668,32.099,-1.0,0.0,0.0,STANDING
SESSION_20260901_205752_B498,1788276475535,0.16280572,-0.25857377,9.543288,-0.008552114,-0.002443461,0.0012217305,1.9062076,-1.3810176,-11.272453,14.4594584,75.9239489,519.0999755859375,0.012917668,32.099,-1.0,0.0,0.0,STANDING
SESSION_20260901_205752_B498,1788276475535,0.16280572,-0.25857377,9.543288,-0.008552114,-0.002443461,0.0,1.9062076,-1.3810176,-11.272453,14.4594584,75.9239489,519.0999755859375,0.012917668,32.099,-1.0,0.0,0.0,STANDING
SESSION_20260901_205752_B498,1788276475535,0.16280572,-0.25857377,9.543288,-0.008552114,-0.002443461,0.0,1.9133825,-1.384796,-11.272897,14.4594584,75.9239489,519.0999755859375,0.012917668,32.099,-1.0,0.0,0.0,STANDING
SESSION_20260901_205752_B498,1788276475555,0.20590134,-0.33279404,9.536105,-0.008552114,-0.002443461,0.0,1.9133825,-1.384796,-11.272897,14.4594584,75.9239489,519.0999755859375,0.012917668,32.099,-1.0,0.0,0.0,STANDING
SESSION_20260901_205752_B498,1788276475555,0.20590134,-0.33279404,9.536105,-0.007330383,-0.002443461,0.0012217305,1.9133825,-1.384796,-11.272897,14.4594584,75.9239489,519.0999755859375,0.012917668,32.099,-1.0,0.0,0.0,STANDING
SESSION_20260901_205752_B498,1788276475555,0.20590134,-0.33279404,9.536105,-0.007330383,-0.002443461,0.0012217305,1.9150156,-1.3884282,-11.273399,14.4594584,75.9239489,519.0999755859375,0.012917668,32.099,-1.0,0.0,0.0,STANDING
SESSION_20260901_205752_B498,1788276475575,0.22266077,-0.34476504,9.52174,-0.007330383,-0.002443461,0.0012217305,1.9150156,-1.3884282,-11.273399,14.4594584,75.9239489,519.0999755859375,0.012917668,32.099,-1.0,0.0,0.0,STANDING
SESSION_20260901_205752_B498,1788276475575,0.22266077,-0.34476504,9.52174,-0.008552114,-0.002443461,0.0,1.9150156,-1.3884282,-11.273399,14.4594584,75.9239489,519.0999755859375,0.012917668,32.099,-1.0,0.0,0.0,STANDING
SESSION_20260901_205752_B498,1788276475575,0.22266077,-0.34476504,9.52174,-0.008552114,-0.002443461,0.0,1.9166794,-1.39228,-11.274482,14.4594584,75.9239489,519.0999755859375,0.012917668,32.099,-1.0,0.0,0.0,STANDING
SESSION_20260901_205752_B498,1788276475595,0.19632454,-0.23223756,9.552865,-0.008552114,-0.002443461,0.0,1.9166794,-1.39228,-11.274482,14.4594584,75.9239489,519.0999755859375,0.012917668,32.099,-1.0,0.0,0.0,STANDING
SESSION_20260901_205752_B498,1788276475595,0.19632454,-0.23223756,9.552865,-0.008552114,-0.002443461,0.0,1.9166794,-1.39228,-11.274482,14.4594584,75.9239489,519.0999755859375,0.012917668,32.099,-1.0,0.0,0.0,STANDING
SESSION_20260901_205752_B498,1788276475595,0.19632454,-0.23223756,9.552865,-0.008552114,-0.002443461,0.0,1.9234122,-1.3951894,-11.274242,14.4594584,75.9239489,519.0999755859375,0.012917668,32.099,-1.0,0.0,0.0,STANDING
SESSION_20260901_205752_B498,1788276475615,0.22505496,-0.23702596,9.605537,-0.008552114,-0.002443461,0.0,1.9234122,-1.3951894,-11.274242,14.4594584,75.9239489,519.0999755859375,0.012917668,32.099,-1.0,0.0,0.0,STANDING
SESSION_20260901_205752_B498,1788276475615,0.22505496,-0.23702596,9.605537,-0.009773844,-0.004886922,0.0012217305,1.9234122,-1.3951894,-11.274242,14.4594584,75.9239489,519.0999755859375,0.012917668,32.099,-1.0,0.0,0.0,STANDING
SESSION_20260901_205752_B498,1788276475615,0.22505496,-0.23702596,9.605537,-0.009773844,-0.004886922,0.0012217305,1.9268881,-1.3965786,-11.274075,14.4594584,75.9239489,519.0999755859375,0.012917668,32.099,-1.0,0.0,0.0,STANDING
SESSION_20260901_205752_B498,1788276475635,0.23702596,-0.30645782,9.56723,-0.009773844,-0.004886922,0.0012217305,1.9268881,-1.3965786,-11.274075,14.4594584,75.9239489,519.0999755859375,0.012917668,32.099,-1.0,0.0,0.0,STANDING
SESSION_20260901_205752_B498,1788276475635,0.23702596,-0.30645782,9.56723,-0.008552114,-0.0036651916,0.0012217305,1.9268881,-1.3965786,-11.274075,14.4594584,75.9239489,519.0999755859375,0.012917668,32.099,-1.0,0.0,0.0,STANDING
SESSION_20260901_205752_B498,1788276475635,0.23702596,-0.30645782,9.56723,-0.008552114,-0.0036651916,0.0012217305,1.9302151,-1.402107,-11.275222,14.4594584,75.9239489,519.0999755859375,0.012917668,32.099,-1.0,0.0,0.0,STANDING
SESSION_20260901_205752_B498,1788276475655,0.14844051,-0.37588966,9.560047,-0.008552114,-0.0036651916,0.0012217305,1.9302151,-1.402107,-11.275222,14.4594584,75.9239489,519.0999755859375,0.012917668,32.099,-1.0,0.0,0.0,STANDING
SESSION_20260901_205752_B498,1788276475655,0.14844051,-0.37588966,9.560047,-0.007330383,-0.002443461,0.0012217305,1.9302151,-1.402107,-11.275222,14.4594584,75.9239489,519.0999755859375,0.012917668,32.099,-1.0,0.0,0.0,STANDING
SESSION_20260901_205752_B498,1788276475655,0.14844051,-0.37588966,9.560047,-0.007330383,-0.002443461,0.0012217305,1.9372425,-1.4067047,-11.275769,14.4594584,75.9239489,519.0999755859375,0.012917668,32.099,-1.0,0.0,0.0,STANDING
SESSION_20260901_205752_B498,1788276475675,0.22026655,-0.37828386,9.552865,-0.007330383,-0.002443461,0.0012217305,1.9372425,-1.4067047,-11.275769,14.4594584,75.9239489,519.0999755859375,0.012917668,32.099,-1.0,0.0,0.0,STANDING
SESSION_20260901_205752_B498,1788276475675,0.22026655,-0.37828386,9.552865,-0.008552114,-0.0036651916,0.0012217305,1.9372425,-1.4067047,-11.275769,14.4594584,75.9239489,519.0999755859375,0.012917668,32.099,-1.0,0.0,0.0,STANDING
SESSION_20260901_205752_B498,1788276475675,0.22026655,-0.37828386,9.552865,-0.008552114,-0.0036651916,0.0012217305,1.9495184,-1.406051,-11.27703,14.4594584,75.9239489,519.0999755859375,0.012917668,32.099,-1.0,0.0,0.0,STANDING
SESSION_20260901_205752_B498,1788276475695,0.272939,-0.30645782,9.504981,-0.008552114,-0.0036651916,0.0012217305,1.9495184,-1.406051,-11.27703,14.4594584,75.9239489,519.0999755859375,0.012917668,32.099,-1.0,0.0,0.0,STANDING
SESSION_20260901_205752_B498,1788276475695,0.272939,-0.30645782,9.504981,-0.008552114,-0.002443461,0.0012217305,1.9495184,-1.406051,-11.27703,14.4594584,75.9239489,519.0999755859375,0.012917668,32.099,-1.0,0.0,0.0,STANDING
SESSION_20260901_205752_B498,1788276475695,0.272939,-0.30645782,9.504981,-0.008552114,-0.002443461,0.0012217305,1.963056,-1.4042431,-11.277832,14.4594584,75.9239489,519.0999755859375,0.012917668,32.099,-1.0,0.0,0.0,STANDING
SESSION_20260901_205752_B498,1788276475715,0.25617957,-0.25378537,9.598354,-0.008552114,-0.002443461,0.0012217305,1.963056,-1.4042431,-11.277832,14.4594584,75.9239489,519.0999755859375,0.012917668,32.099,-1.0,0.0,0.0,STANDING
SESSION_20260901_205752_B498,1788276475715,0.25617957,-0.25378537,9.598354,-0.008552114,-0.002443461,0.0,1.963056,-1.4042431,-11.277832,14.4594584,75.9239489,519.0999755859375,0.012917668,32.099,-1.0,0.0,0.0,STANDING
SESSION_20260901_205752_B498,1788276475715,0.25617957,-0.25378537,9.598354,-0.008552114,-0.002443461,0.0,1.9724889,-1.4051373,-11.278981,14.4594584,75.9239489,519.0999755859375,0.012917668,32.099,-1.0,0.0,0.0,STANDING
SESSION_20260901_205752_B498,1788276475735,0.17717093,-0.32800564,9.536105,-0.008552114,-0.002443461,0.0,1.9724889,-1.4051373,-11.278981,14.4594584,75.9239489,519.0999755859375,0.012917668,32.099,-1.0,0.0,0.0,STANDING
SESSION_20260901_205752_B498,1788276475735,0.17717093,-0.32800564,9.536105,-0.009773844,-0.0036651916,0.0012217305,1.9724889,-1.4051373,-11.278981,14.4594584,75.9239489,519.0999755859375,0.012917668,32.099,-1.0,0.0,0.0,STANDING
SESSION_20260901_205752_B498,1788276475735,0.17717093,-0.32800564,9.536105,-0.009773844,-0.0036651916,0.0012217305,1.9782318,-1.4073391,-11.2787695,14.4594584,75.9239489,519.0999755859375,0.012917668,32.099,-1.0,0.0,0.0,STANDING
SESSION_20260901_205752_B498,1788276475756,0.22026655,-0.22744916,9.500193,-0.009773844,-0.0036651916,0.0012217305,1.9782318,-1.4073391,-11.2787695,14.4594584,75.9239489,519.0999755859375,0.012917668,32.099,-1.0,0.0,0.0,STANDING
SESSION_20260901_205752_B498,1788276475756,0.22026655,-0.22744916,9.500193,-0.008552114,-0.002443461,0.0012217305,1.9782318,-1.4073391,-11.2787695,14.4594584,75.9239489,519.0999755859375,0.012917668,32.099,-1.0,0.0,0.0,STANDING
SESSION_20260901_205752_B498,1788276475756,0.22026655,-0.22744916,9.500193,-0.008552114,-0.002443461,0.0012217305,1.9848628,-1.4078168,-11.280076,14.4594584,75.9239489,519.0999755859375,0.012917668,32.099,-1.0,0.0,0.0,STANDING
SESSION_20260901_205752_B498,1788276475776,0.2633622,-0.30885202,9.579201,-0.008552114,-0.002443461,0.0012217305,1.9848628,-1.4078168,-11.280076,14.4594584,75.9239489,519.0999755859375,0.012917668,32.099,-1.0,0.0,0.0,STANDING
SESSION_20260901_205752_B498,1788276475776,0.2633622,-0.30885202,9.579201,-0.008552114,-0.0036651916,0.0,1.9848628,-1.4078168,-11.280076,14.4594584,75.9239489,519.0999755859375,0.012917668,32.099,-1.0,0.0,0.0,STANDING
SESSION_20260901_205752_B498,1788276475776,0.2633622,-0.30885202,9.579201,-0.008552114,-0.0036651916,0.0,1.9882679,-1.4059644,-11.2813425,14.4594584,75.9239489,519.0999755859375,0.012917668,32.099,-1.0,0.0,0.0,STANDING
SESSION_20260901_205752_B498,1788276475796,0.17477672,-0.32561144,9.509769,-0.008552114,-0.0036651916,0.0,1.9882679,-1.4059644,-11.2813425,14.4594584,75.9239489,519.0999755859375,0.012917668,32.099,-1.0,0.0,0.0,STANDING
SESSION_20260901_205752_B498,1788276475796,0.17477672,-0.32561144,9.509769,-0.008552114,-0.0036651916,0.0,1.9882679,-1.4059644,-11.2813425,14.4594584,75.9239489,519.0999755859375,0.012917668,32.099,-1.0,0.0,0.0,STANDING
SESSION_20260901_205752_B498,1788276475796,0.17477672,-0.32561144,9.509769,-0.008552114,-0.0036651916,0.0,1.9907844,-1.4068578,-11.281993,14.4594584,75.9239489,519.0999755859375,0.012917668,32.099,-1.0,0.0,0.0,STANDING
SESSION_20260901_205752_B498,1788276475816,0.15083471,-0.37349546,9.5385,-0.008552114,-0.0036651916,0.0,1.9907844,-1.4068578,-11.281993,14.4594584,75.9239489,519.0999755859375,0.012917668,32.099,-1.0,0.0,0.0,STANDING
SESSION_20260901_205752_B498,1788276475816,0.15083471,-0.37349546,9.5385,-0.009773844,-0.002443461,0.0012217305,1.9907844,-1.4068578,-11.281993,14.4594584,75.9239489,519.0999755859375,0.012917668,32.099,-1.0,0.0,0.0,STANDING
SESSION_20260901_205752_B498,1788276475816,0.15083471,-0.37349546,9.5385,-0.009773844,-0.002443461,0.0012217305,1.9945382,-1.4040678,-11.281989,14.4594584,75.9239489,519.0999755859375,0.012917668,32.099,-1.0,0.0,0.0,STANDING
SESSION_20260901_205752_B498,1788276475836,0.1604115,-0.19153613,9.543288,-0.009773844,-0.002443461,0.0012217305,1.9945382,-1.4040678,-11.281989,14.4594584,75.9239489,519.0999755859375,0.012917668,32.099,-1.0,0.0,0.0,STANDING
SESSION_20260901_205752_B498,1788276475836,0.1604115,-0.19153613,9.543288,-0.008552114,-0.0036651916,0.0,1.9945382,-1.4040678,-11.281989,14.4594584,75.9239489,519.0999755859375,0.012917668,32.099,-1.0,0.0,0.0,STANDING
SESSION_20260901_205752_B498,1788276475836,0.1604115,-0.19153613,9.543288,-0.008552114,-0.0036651916,0.0,2.0043626,-1.3984804,-11.282789,14.4594584,75.9239489,519.0999755859375,0.012917668,32.099,-1.0,0.0,0.0,STANDING
SESSION_20260901_205752_B498,1788276475856,0.28491,-0.260968,9.572019,-0.008552114,-0.0036651916,0.0,2.0043626,-1.3984804,-11.282789,14.4594584,75.9239489,519.0999755859375,0.012917668,32.099,-1.0,0.0,0.0,STANDING
SESSION_20260901_205752_B498,1788276475856,0.28491,-0.260968,9.572019,-0.008552114,-0.0036651916,0.0,2.0043626,-1.3984804,-11.282789,14.4594584,75.9239489,519.0999755859375,0.012917668,32.099,-1.0,0.0,0.0,STANDING
SESSION_20260901_205752_B498,1788276475856,0.28491,-0.260968,9.572019,-0.008552114,-0.0036651916,0.0,2.001913,-1.3876588,-11.283103,14.4594584,75.9239489,519.0999755859375,0.012917668,32.099,-1.0,0.0,0.0,STANDING
SESSION_20260901_205752_B498,1788276475876,0.18435353,-0.19393034,9.504981,-0.008552114,-0.0036651916,0.0,2.001913,-1.3876588,-11.283103,14.4594584,75.9239489,519.0999755859375,0.012917668,32.099,-1.0,0.0,0.0,STANDING
SESSION_20260901_205752_B498,1788276475876,0.18435353,-0.19393034,9.504981,-0.009773844,-0.0036651916,0.0,2.001913,-1.3876588,-11.283103,14.4594584,75.9239489,519.0999755859375,0.012917668,32.099,-1.0,0.0,0.0,STANDING
SESSION_20260901_205752_B498,1788276475876,0.18435353,-0.19393034,9.504981,-0.009773844,-0.0036651916,0.0,1.995199,-1.3813975,-11.283848,14.4594584,75.9239489,519.0999755859375,0.012917668,32.099,-1.0,0.0,0.0,STANDING
SESSION_20260901_205752_B498,1788276475896,0.21787235,-0.4285621,9.55047,-0.009773844,-0.0036651916,0.0,1.995199,-1.3813975,-11.283848,14.4594584,75.9239489,519.0999755859375,0.012917668,32.099,-1.0,0.0,0.0,STANDING
SESSION_20260901_205752_B498,1788276475896,0.21787235,-0.4285621,9.55047,-0.008552114,-0.0036651916,0.0,1.995199,-1.3813975,-11.283848,14.4594584,75.9239489,519.0999755859375,0.012917668,32.099,-1.0,0.0,0.0,STANDING
SESSION_20260901_205752_B498,1788276475896,0.21787235,-0.4285621,9.55047,-0.008552114,-0.0036651916,0.0,1.9720088,-1.3681278,-11.284302,14.4594584,75.9239489,519.0999755859375,0.012917668,32.099,-1.0,0.0,0.0,STANDING
SESSION_20260901_205752_B498,1788276475916,0.16759412,-0.31364042,9.591172,-0.008552114,-0.0036651916,0.0,1.9720088,-1.3681278,-11.284302,14.4594584,75.9239489,519.0999755859375,0.012917668,32.099,-1.0,0.0,0.0,STANDING
SESSION_20260901_205752_B498,1788276475916,0.16759412,-0.31364042,9.591172,-0.008552114,-0.002443461,0.0012217305,1.9720088,-1.3681278,-11.284302,14.4594584,75.9239489,519.0999755859375,0.012917668,32.099,-1.0,0.0,0.0,STANDING
SESSION_20260901_205752_B498,1788276475916,0.16759412,-0.31364042,9.591172,-0.008552114,-0.002443461,0.0012217305,1.9720026,-1.3634075,-11.284266,14.4594584,75.9239489,519.0999755859375,0.012917668,32.099,-1.0,0.0,0.0,STANDING
SESSION_20260901_205752_B498,1788276475936,0.32321724,-0.29448682,9.543288,-0.008552114,-0.002443461,0.0012217305,1.9720026,-1.3634075,-11.284266,14.4594584,75.9239489,519.0999755859375,0.012917668,32.099,-1.0,0.0,0.0,STANDING
SESSION_20260901_205752_B498,1788276475936,0.32321724,-0.29448682,9.543288,-0.009773844,-0.0036651916,0.0,1.9720026,-1.3634075,-11.284266,14.4594584,75.9239489,519.0999755859375,0.012917668,32.099,-1.0,0.0,0.0,STANDING
SESSION_20260901_205752_B498,1788276475936,0.32321724,-0.29448682,9.543288,-0.009773844,-0.0036651916,0.0,1.9659414,-1.3555827,-11.285142,14.4594584,75.9239489,519.0999755859375,0.012917668,32.099,-1.0,0.0,0.0,STANDING
SESSION_20260901_205752_B498,1788276475956,0.15801731,-0.25857377,9.483433,-0.009773844,-0.0036651916,0.0,1.9659414,-1.3555827,-11.285142,14.4594584,75.9239489,519.0999755859375,0.012917668,32.099,-1.0,0.0,0.0,STANDING
SESSION_20260901_205752_B498,1788276475956,0.15801731,-0.25857377,9.483433,-0.008552114,-0.0036651916,0.0012217305,1.9659414,-1.3555827,-11.285142,14.4594584,75.9239489,519.0999755859375,0.012917668,32.099,-1.0,0.0,0.0,STANDING
SESSION_20260901_205752_B498,1788276475956,0.15801731,-0.25857377,9.483433,-0.008552114,-0.0036651916,0.0012217305,1.9650806,-1.359702,-11.284973,14.4594584,75.9239489,519.0999755859375,0.012917668,32.099,-1.0,0.0,0.0,STANDING
SESSION_20260901_205752_B498,1788276475976,0.18674773,-0.29448682,9.466674,-0.008552114,-0.0036651916,0.0012217305,1.9650806,-1.359702,-11.284973,14.4594584,75.9239489,519.0999755859375,0.012917668,32.099,-1.0,0.0,0.0,STANDING
SESSION_20260901_205752_B498,1788276475976,0.18674773,-0.29448682,9.466674,-0.008552114,-0.0036651916,0.0,1.9650806,-1.359702,-11.284973,14.4594584,75.9239489,519.0999755859375,0.012917668,32.099,-1.0,0.0,0.0,STANDING
SESSION_20260901_205752_B498,1788276475976,0.18674773,-0.29448682,9.466674,-0.008552114,-0.0036651916,0.0,1.9675314,-1.3633572,-11.286154,14.4594584,75.9239489,519.0999755859375,0.012917668,32.099,-1.0,0.0,0.0,STANDING
SESSION_20260901_205752_B498,1788276475996,0.19632454,-0.2633622,9.562442,-0.008552114,-0.0036651916,0.0,1.9675314,-1.3633572,-11.286154,14.4594584,75.9239489,519.0999755859375,0.012917668,32.099,-1.0,0.0,0.0,STANDING
SESSION_20260901_205752_B498,1788276475996,0.19632454,-0.2633622,9.562442,-0.008552114,-0.002443461,0.0,1.9675314,-1.3633572,-11.286154,14.4594584,75.9239489,519.0999755859375,0.012917668,32.099,-1.0,0.0,0.0,STANDING
SESSION_20260901_205752_B498,1788276475996,0.19632454,-0.2633622,9.562442,-0.008552114,-0.002443461,0.0,1.9732971,-1.3657866,-11.285942,14.4594584,75.9239489,519.0999755859375,0.012917668,32.099,-1.0,0.0,0.0,STANDING
SESSION_20260901_205752_B498,1788276476016,0.23942018,-0.22026655,9.555259,-0.008552114,-0.002443461,0.0,1.9732971,-1.3657866,-11.285942,14.4594584,75.9239489,519.0999755859375,0.012917668,32.099,-1.0,0.0,0.0,STANDING
SESSION_20260901_205752_B498,1788276476016,0.23942018,-0.22026655,9.555259,-0.009773844,-0.002443461,0.0012217305,1.9732971,-1.3657866,-11.285942,14.4594584,75.9239489,519.0999755859375,0.012917668,32.099,-1.0,0.0,0.0,STANDING
SESSION_20260901_205752_B498,1788276476016,0.23942018,-0.22026655,9.555259,-0.009773844,-0.002443461,0.0012217305,1.963137,-1.3607897,-11.28659,14.4594584,75.9239489,519.0999755859375,0.012917668,32.099,-1.0,0.0,0.0,STANDING
SESSION_20260901_205752_B498,1788276476036,0.21787235,-0.28491,9.483433,-0.009773844,-0.002443461,0.0012217305,1.963137,-1.3607897,-11.28659,14.4594584,75.9239489,519.0999755859375,0.012917668,32.099,-1.0,0.0,0.0,STANDING
SESSION_20260901_205752_B498,1788276476036,0.21787235,-0.28491,9.483433,-0.008552114,-0.002443461,0.0012217305,1.963137,-1.3607897,-11.28659,14.4594584,75.9239489,519.0999755859375,0.012917668,32.099,-1.0,0.0,0.0,STANDING
SESSION_20260901_205752_B498,1788276476036,0.21787235,-0.28491,9.483433,-0.008552114,-0.002443461,0.0012217305,1.9332069,-1.352667,-11.287589,14.4594584,75.9239489,519.0999755859375,0.012917668,32.099,-1.0,0.0,0.0,STANDING
SESSION_20260901_205752_B498,1788276476056,0.2896984,-0.31364042,9.548077,-0.008552114,-0.002443461,0.0012217305,1.9332069,-1.352667,-11.287589,14.4594584,75.9239489,519.0999755859375,0.012917668,32.099,-1.0,0.0,0.0,STANDING
SESSION_20260901_205752_B498,1788276476056,0.2896984,-0.31364042,9.548077,-0.007330383,-0.0036651916,0.0,1.9332069,-1.352667,-11.287589,14.4594584,75.9239489,519.0999755859375,0.012917668,32.099,-1.0,0.0,0.0,STANDING
SESSION_20260901_205752_B498,1788276476056,0.2896984,-0.31364042,9.548077,-0.007330383,-0.0036651916,0.0,1.9099604,-1.3491807,-11.2889185,14.4594584,75.9239489,519.0999755859375,0.012917668,32.099,-1.0,0.0,0.0,STANDING
SESSION_20260901_205752_B498,1788276476076,0.24420857,-0.29448682,9.540894,-0.007330383,-0.0036651916,0.0,1.9099604,-1.3491807,-11.2889185,14.4594584,75.9239489,519.0999755859375,0.012917668,32.099,-1.0,0.0,0.0,STANDING
SESSION_20260901_205752_B498,1788276476076,0.24420857,-0.29448682,9.540894,-0.007330383,-0.0036651916,0.0012217305,1.9099604,-1.3491807,-11.2889185,14.4594584,75.9239489,519.0999755859375,0.012917668,32.099,-1.0,0.0,0.0,STANDING
SESSION_20260901_205752_B498,1788276476076,0.24420857,-0.29448682,9.540894,-0.007330383,-0.0036651916,0.0012217305,1.887468,-1.3511722,-11.288777,14.4594584,75.9239489,519.0999755859375,0.012917668,32.099,-1.0,0.0,0.0,STANDING
SESSION_20260901_205752_B498,1788276476096,0.20829555,-0.30166942,9.445126,-0.007330383,-0.0036651916,0.0012217305,1.887468,-1.3511722,-11.288777,14.4594584,75.9239489,519.0999755859375,0.012917668,32.099,-1.0,0.0,0.0,STANDING
SESSION_20260901_205752_B498,1788276476096,0.20829555,-0.30166942,9.445126,-0.009773844,-0.002443461,0.0,1.887468,-1.3511722,-11.288777,14.4594584,75.9239489,519.0999755859375,0.012917668,32.099,-1.0,0.0,0.0,STANDING
SESSION_20260901_205752_B498,1788276476096,0.20829555,-0.30166942,9.445126,-0.009773844,-0.002443461,0.0,1.8674047,-1.3484061,-11.290289,14.4594584,75.9239489,519.0999755859375,0.012917668,32.099,-1.0,0.0,0.0,STANDING
SESSION_20260901_205752_B498,1788276476116,0.18195933,-0.22984336,9.555259,-0.009773844,-0.002443461,0.0,1.8674047,-1.3484061,-11.290289,14.4594584,75.9239489,519.0999755859375,0.012917668,32.099,-1.0,0.0,0.0,STANDING
SESSION_20260901_205752_B498,1788276476116,0.18195933,-0.22984336,9.555259,-0.008552114,-0.002443461,0.0,1.8674047,-1.3484061,-11.290289,14.4594584,75.9239489,519.0999755859375,0.012917668,32.099,-1.0,0.0,0.0,STANDING
SESSION_20260901_205752_B498,1788276476116,0.18195933,-0.22984336,9.555259,-0.008552114,-0.002443461,0.0,1.8566415,-1.344401,-11.290227,14.4594584,75.9239489,519.0999755859375,0.012917668,32.099,-1.0,0.0,0.0,STANDING
SESSION_20260901_205752_B498,1788276476136,0.22744916,-0.24420857,9.509769,-0.008552114,-0.002443461,0.0,1.8566415,-1.344401,-11.290227,14.4594584,75.9239489,519.0999755859375,0.012917668,32.099,-1.0,0.0,0.0,STANDING
SESSION_20260901_205752_B498,1788276476136,0.22744916,-0.24420857,9.509769,-0.008552114,-0.002443461,0.0,1.8566415,-1.344401,-11.290227,14.4594584,75.9239489,519.0999755859375,0.012917668,32.099,-1.0,0.0,0.0,STANDING
SESSION_20260901_205752_B498,1788276476136,0.22744916,-0.24420857,9.509769,-0.008552114,-0.002443461,0.0,1.8444587,-1.3422558,-11.290731,14.4594584,75.9239489,519.0999755859375,0.012917668,32.099,-1.0,0.0,0.0,STANDING
SESSION_20260901_205752_B498,1788276476156,0.21308395,-0.2873042,9.569624,-0.008552114,-0.002443461,0.0,1.8444587,-1.3422558,-11.290731,14.4594584,75.9239489,519.0999755859375,0.012917668,32.099,-1.0,0.0,0.0,STANDING
SESSION_20260901_205752_B498,1788276476156,0.21308395,-0.2873042,9.569624,-0.008552114,-0.0036651916,0.0012217305,1.8444587,-1.3422558,-11.290731,14.4594584,75.9239489,519.0999755859375,0.012917668,32.099,-1.0,0.0,0.0,STANDING
SESSION_20260901_205752_B498,1788276476156,0.21308395,-0.2873042,9.569624,-0.008552114,-0.0036651916,0.0012217305,1.8337585,-1.3423909,-11.290599,14.4594584,75.9239489,519.0999755859375,0.012917668,32.099,-1.0,0.0,0.0,STANDING
SESSION_20260901_205752_B498,1788276476177,0.16759412,-0.21787235,9.540894,-0.008552114,-0.0036651916,0.0012217305,1.8337585,-1.3423909,-11.290599,14.4594584,75.9239489,519.0999755859375,0.012917668,32.099,-1.0,0.0,0.0,STANDING
